CASEID,POINT_X,POINT_Y,YEAR_,LOCATION,CHPTYPE,DAYWEEK,CRASHSEV,VIOLCAT,KILLED,INJURED,WEATHER1,PEDCOL,BICCOL,MCCOL,TRUCKCOL,ETOH,TIMECAT,MONTH_,CRASHTYP,INVOLVE,PED,PRIMARYRD,SECONDRD,DISTANCE,DIRECT,INTERSECT_,PROCDATE,JURIS,DATE_,TIME_,BADGE,JURIDIST,SHIFT,POP,SPECIAL,BEATTYPE,LAPDDIV,BEATCLAS,BEATNUMB,WEATHER2,STATEHW,CALTRANC,CALTRAND,STROUTE,ROUTESUF,POSTPRE,POSTMILE,LOCATYPE,RAMP,SIDEHW,TOWAWAY,PARTIES,PCF,VIOLCODE,VIOL,VIOLSUB,HITRUN,ROADSURF,RDCOND1,RDCOND2,LIGHTING,RIGHTWAY,CHPRDTYP,NOTPRIV,STFAULT,CHPFAULT,SEVINJ,OTHERINJ,COP,PEDKILL,PEDINJ,BICKILL,BICINJ,MCKILL,MCINJURE,RAMP1,RAMP2,CITY,COUNTY,STATE,X_CHP,Y_CHP
6008843,-122.3260051,37.82197093,2013,109,1,4,4,3,0,3,A,,,,,,2100,2,C,C,A,RT 80,METERING LIGHTS,1410,W,N,10/23/14,9335,2/14/13,1835,19175,,2,7,0,1,,1,82,-,Y,ALA,4,80,-,-,1.63,H,-,W,N,4,A,-,22350,,N,A,H,-,D,D,4,Y,A,1,0,0,3,0,0,0,0,0,0,-,-,OAKLAND,ALAMEDA,CA,-122.65489,37.12589
6008815,-122.2510402,37.81380676,2013,109,1,3,4,3,0,1,A,,,,,,1800,2,C,C,A,RT 580,CHETWOOD ST,720,E,N,11/19/14,9370,2/13/13,1610,18579,,2,7,0,1,,2,54,-,Y,ALA,4,580,-,-,43.93,H,-,E,N,2,A,-,22350,,N,A,H,-,A,D,1,Y,A,1,0,0,1,0,0,0,0,0,0,-,-,OAKLAND,ALAMEDA,CA,-122.15042,37.48515
6008637,-122.2669592,37.79936981,2013,109,0,1,4,11,0,1,A,Y,,,,,1200,2,G,B,D,JACKSON ST,10TH ST,42,N,N,1/30/14,109,2/11/13,1123,8316,1,5,7,0,0,,0,03X,-,N,,0,0,,,0,,,,N,2,A,-,21954,A,N,A,H,-,A,A,0,Y,N,60,0,0,1,0,1,0,0,0,0,-,-,OAKLAND,ALAMEDA,CA,0,0
6008633,-122.2745231,37.80390549,2013,109,0,1,4,10,0,1,A,Y,,,,,2100,2,G,B,B,12TH ST,CLAY ST,0,,Y,1/30/14,109,2/11/13,1840,8811,1,5,7,0,0,,0,03X,-,N,,0,0,,,0,,,,N,2,A,-,21950,A,N,A,H,-,C,A,0,Y,A,1,0,0,1,0,1,0,0,0,0,-,-,OAKLAND,ALAMEDA,CA,0,0
6008629,-122.195393,37.7521553,2013,109,0,3,4,9,0,2,A,,,,,,1800,2,D,C,A,SAN LEANDRO ST,75TH AV,0,,Y,1/30/14,109,2/13/13,1522,8585,2,5,7,0,0,,0,26Y,-,N,,0,0,,,0,,,,N,2,A,-,21801,A,N,A,H,-,A,A,0,Y,A,1,0,0,2,0,0,0,0,0,0,-,-,OAKLAND,ALAMEDA,CA,0,0
6008625,-122.2657731,37.84947586,2013,109,0,3,4,9,0,1,A,,Y,,,,2400,2,H,G,A,SHATTUCK AV,ALCATRAZ AV,0,,Y,1/30/14,109,2/13/13,2107,8397,1,5,7,0,0,,0,11X,-,N,,0,0,,,0,,,,N,2,A,-,21801,A,N,A,H,-,C,A,0,Y,A,1,0,0,1,0,0,0,1,0,0,-,-,OAKLAND,ALAMEDA,CA,0,0
6008621,-122.2247732,37.77978516,2013,109,0,3,4,10,0,2,A,Y,,,,,1800,2,G,B,B,FRUITVALE AV,E 16TH ST,0,,Y,1/30/14,109,2/13/13,1654,8532,2,5,7,0,0,,0,23X,-,N,,0,0,,,0,,,,N,3,A,-,21950,A,F,A,H,-,A,A,0,Y,A,1,0,0,2,0,2,0,0,0,0,-,-,OAKLAND,ALAMEDA,CA,0,0
6008617,-122.2946232,37.80636597,2013,109,0,5,4,12,0,1,A,,,,,,2100,2,F,C,A,8TH ST,CENTER ST,0,,Y,1/30/14,109,2/15/13,1959,8444,1,5,7,0,0,,0,02Y,-,N,,0,0,,,0,,,,Y,2,A,-,22450,A,M,A,H,-,C,A,0,Y,A,1,0,0,1,0,0,0,0,0,0,-,-,OAKLAND,ALAMEDA,CA,0,0
6008570,-122.1817099,37.76954269,2013,109,0,4,4,6,0,1,C,,,,,,1200,2,B,C,A,BANCROFT AV,HAVENSCOURT BL,90,E,N,1/30/14,109,2/7/13,1000,8653,2,5,7,0,0,,0,30X,-,N,,0,0,,,0,,,,N,3,A,-,21750,,N,B,H,-,A,A,0,Y,A,8,0,0,1,0,0,0,0,0,0,-,-,OAKLAND,ALAMEDA,CA,0,0
6008566,-122.1567004,37.74655914,2013,109,0,6,4,11,0,1,A,Y,,,,Y,300,2,G,B,D,MACARTHUR BL,TRUMAN AV,52,E,N,1/30/14,109,2/9/13,41,8314,2,5,7,0,0,,0,32X,-,N,,0,0,,,0,,,,N,2,A,-,21954,A,N,A,H,-,C,A,0,Y,N,60,0,0,1,0,1,0,0,0,0,-,-,OAKLAND,ALAMEDA,CA,0,0
6008562,-122.2932831,37.80612564,2013,109,0,6,4,11,0,1,A,Y,,,,,1200,2,G,B,B,8TH ST,MANDELA PKWY,0,,Y,1/30/14,109,2/9/13,1110,8374,1,5,7,0,0,,0,02Y,-,N,,0,0,,,0,,,,N,2,A,-,21453,D,N,A,H,-,A,A,0,Y,N,60,0,0,1,0,1,0,0,0,0,-,-,OAKLAND,ALAMEDA,CA,0,0
6008465,-122.2287931,37.801125,2013,109,1,7,4,8,0,1,A,,,,,,1800,2,E,I,A,RT 880,13TH AV,200,E,N,11/19/14,9370,2/3/13,1530,20428,,2,7,0,1,,2,53,-,Y,ALA,4,580,-,R,42.33,H,-,W,Y,1,A,-,22107,,N,A,H,-,A,D,1,Y,A,1,0,0,1,0,0,0,0,0,0,-,-,OAKLAND,ALAMEDA,CA,-122.23023,37.80187
6008457,-122.2657056,37.79466773,2013,109,1,5,4,3,0,1,A,,,,,,1800,2,C,C,A,RT 880,OAK ST,55,N,N,11/6/14,9370,2/8/13,1515,16710,,2,7,0,1,,2,177,-,Y,ALA,4,880,-,-,31.1,H,-,S,N,2,A,-,22350,,N,A,H,-,A,D,1,Y,A,1,0,0,1,0,0,0,0,0,0,-,-,OAKLAND,ALAMEDA,CA,-122.26689,37.79525
6008453,-122.3024387,37.80378573,2013,109,1,4,3,8,0,1,C,,,,,,2100,2,E,I,A,RT 880,MAGNOLIA ST,1243,N,N,11/6/14,9370,2/7/13,2024,18843,,2,7,0,1,,2,178,-,Y,ALA,4,880,-,R,33.24,H,-,S,Y,1,A,-,22107,,N,B,H,-,D,D,1,Y,A,8,0,1,0,0,0,0,0,0,0,-,-,OAKLAND,ALAMEDA,CA,-122.17383,37.48773
6008449,-122.2432552,37.78523716,2013,109,1,7,4,3,0,3,A,,,,,,1500,2,C,C,A,RT 880,16TH AV,210,S,N,11/6/14,9370,2/3/13,1225,16710,,1,7,0,1,,2,177,-,Y,ALA,4,880,-,-,29.65,H,-,N,Y,4,A,-,22350,,N,A,H,-,A,D,1,Y,A,1,0,0,3,0,0,0,0,0,0,-,-,OAKLAND,ALAMEDA,CA,-122.24409,37.78572
6008437,-122.1838163,37.78416796,2013,109,1,6,3,8,0,1,A,,,,,,1800,2,E,I,A,RT 580,BUELL ST,1400,E,N,11/19/14,9370,2/2/13,1610,20428,,2,7,0,1,,2,53,-,Y,ALA,4,580,-,R,39.51,H,-,W,Y,1,A,-,22107,,N,A,H,-,A,D,1,Y,A,7,0,1,0,0,0,0,0,0,0,-,-,OAKLAND,ALAMEDA,CA,-122.18377,37.78396
6008433,-122.272,37.82500839,2013,109,1,6,4,7,0,1,A,,,,,,300,2,C,C,A,RT 580,WEST ST,100,E,N,1/24/14,9370,2/2/13,110,20149,,3,7,0,1,,2,55,-,Y,,0,0,,,0,,,,Y,2,A,-,21658,A,M,A,H,-,D,D,0,Y,-,99,0,0,1,0,0,0,0,0,0,-,-,OAKLAND,ALAMEDA,CA,-122.27229,37.82544
6008431,-122.2151468,37.79774172,2013,109,1,2,4,3,0,1,B,,,,,,1200,2,C,C,A,RT 580,FRUITVALE AV,94,E,N,11/19/14,9370,2/5/13,915,18579,,1,7,0,1,,2,53,-,Y,ALA,4,580,-,R,41.41,H,-,E,Y,2,A,-,22350,,N,A,H,-,A,D,1,Y,A,1,0,0,1,0,0,0,0,0,0,-,-,OAKLAND,ALAMEDA,CA,-122.12599,37.47532
6008427,-122.2780731,37.826675,2013,109,1,6,4,3,0,1,A,,,,,,600,2,C,C,A,RT 580,MARKET ST,145,W,N,11/19/14,9370,2/2/13,504,19160,,3,7,0,1,,2,55,-,Y,ALA,4,580,-,-,45.61,H,-,W,N,2,A,-,22350,,N,A,H,-,A,D,1,Y,A,7,0,0,1,0,0,0,0,0,0,-,-,OAKLAND,ALAMEDA,CA,-122.27573,37.82617
6008423,0,0,2013,109,3,2,4,3,0,2,A,,,,,,1200,2,C,C,A,RT 24,FISH RANCH RD,1162,W,N,11/3/14,9370,2/5/13,945,18579,,1,7,0,1,,2,24,-,Y,CC,4,24,-,R,0.18,H,-,E,Y,2,A,-,22350,,N,A,H,-,A,D,1,Y,A,1,0,0,2,0,0,0,0,0,0,-,-,OAKLAND,ALAMEDA,CA,-122.12427,37.513
6008415,-122.2915613,37.82762222,2013,109,1,5,4,3,0,1,A,,,,,,1500,2,C,C,A,RT 580,HOLLIS ST,1000,W,N,11/19/14,9370,2/8/13,1330,20428,,1,7,0,1,,2,55,-,Y,ALA,4,580,-,-,46.251,R,2,W,N,2,A,-,22350,,N,A,H,-,A,D,1,Y,A,1,0,0,1,0,0,0,0,0,0,-,-,OAKLAND,ALAMEDA,CA,-122.2878,37.82659
6008361,-122.2171631,37.77065659,2013,109,0,4,4,9,0,2,A,,,,,,2400,2,A,C,A,SAN LEANDRO ST,HIGH ST,0,,Y,1/25/14,109,2/14/13,2357,8222,2,5,7,0,0,,0,23X,-,N,,0,0,,,0,,,,N,2,A,-,21801,A,N,A,H,-,C,A,0,Y,A,1,0,0,2,0,0,0,0,0,0,-,-,OAKLAND,ALAMEDA,CA,0,0
6008357,-122.2009532,37.72421646,2013,109,0,1,4,9,0,1,A,,,,,,1800,2,D,C,A,98TH AV,AIRPORT ACCESS RD,0,,Y,2/5/14,109,2/4/13,1531,8988,2,5,7,0,0,,0,31Y,-,N,,0,0,,,0,,,,N,2,A,-,21801,A,N,A,H,-,A,A,0,Y,A,1,0,0,1,0,0,0,0,0,0,-,-,OAKLAND,ALAMEDA,CA,0,0
6008353,-122.2107931,37.77207565,2013,109,0,1,4,9,0,1,A,,,,,,1800,2,D,C,A,46TH AV,BANCROFT AV,0,,Y,1/25/14,109,2/4/13,1724,8155,2,5,7,0,0,,0,27X,-,N,,0,0,,,0,,,,Y,2,A,-,21802,A,N,A,H,-,B,A,0,Y,A,1,0,0,1,0,0,0,0,0,0,-,-,OAKLAND,ALAMEDA,CA,0,0
6008349,-122.2678531,37.81658554,2013,109,0,1,3,9,0,1,A,,Y,,,,2100,2,H,G,A,TELEGRAPH AV,MERRIMAC ST,0,,Y,1/25/14,109,2/4/13,1827,8655,1,5,7,0,0,,0,08X,-,N,,0,0,,,0,,,,N,2,A,-,21801,A,N,A,H,-,C,A,0,Y,A,7,0,1,0,0,0,0,1,0,0,-,-,OAKLAND,ALAMEDA,CA,0,0
6008345,-122.2208431,37.78391647,2013,109,0,4,4,9,0,1,A,,,,,,1800,2,D,C,A,COOLIDGE AV,E 22ND ST,0,,Y,1/25/14,109,2/7/13,1726,7561,1,5,7,0,0,,0,21X,-,N,,0,0,,,0,,,,N,2,A,-,21802,A,N,A,H,-,C,A,0,Y,A,1,0,0,1,0,0,0,0,0,0,-,-,OAKLAND,ALAMEDA,CA,0,0
6008341,-122.2634631,37.83302307,2013,109,0,4,4,9,0,2,C,,,,,,900,2,D,C,A,TELEGRAPH AV,45TH ST,0,,Y,1/25/14,109,2/7/13,758,9039,1,5,7,0,0,,0,12X,-,N,,0,0,,,0,,,,N,2,A,-,21801,A,N,B,H,-,A,A,0,Y,A,7,0,0,2,0,0,0,0,0,0,-,-,OAKLAND,ALAMEDA,CA,0,0
6008337,-122.161616,37.75631332,2013,109,0,6,4,3,0,1,A,,,,,,2100,2,C,C,A,MACARTHUR BL,89TH AV,50,E,N,1/25/14,109,2/23/13,1955,8869,2,5,7,0,0,,0,35X,-,N,,0,0,,,0,,,,N,2,A,-,22350,,N,A,H,-,C,D,0,Y,A,1,0,0,1,0,0,0,0,0,0,-,-,OAKLAND,ALAMEDA,CA,0,0
6008333,-122.2742731,37.84086609,2013,109,0,4,4,3,0,1,A,,,Y,,,2100,2,D,C,A,MARKET ST,AILEEN ST,0,,Y,1/25/14,109,2/21/13,1808,8390,1,5,7,0,0,,0,10Y,-,N,,0,0,,,0,,,,N,2,A,-,22350,,N,A,H,-,C,A,0,Y,C,2,0,0,1,0,0,0,0,0,1,-,-,OAKLAND,ALAMEDA,CA,0,0
6006381,-122.2827132,37.80368423,2013,109,0,3,4,8,0,1,A,,Y,,,,1500,2,D,G,A,MARKET ST,8TH ST,0,,Y,1/29/14,109,2/27/13,1426,8898,1,5,7,0,0,,0,,-,N,,0,0,,,0,,,,N,2,A,-,22107,,N,A,H,-,A,A,0,Y,A,1,0,0,1,0,0,0,1,0,0,-,-,OAKLAND,ALAMEDA,CA,0,0
6006321,-122.1579131,37.75033569,2013,109,0,4,4,9,0,1,A,,,,,,1800,2,H,C,A,98TH AV,THERMAL ST,0,,Y,1/29/14,109,2/21/13,1530,8265,2,5,7,0,0,,0,32Y,-,N,,0,0,,,0,,,,N,2,A,-,21802,A,N,A,H,-,A,A,0,Y,A,1,0,0,1,0,0,0,0,0,0,-,-,OAKLAND,ALAMEDA,CA,0,0
6005858,-122.2526407,37.78900402,2013,109,1,3,4,3,0,1,A,,,,,,600,2,C,C,A,RT 880,5TH AV,700,S,N,11/6/14,9370,2/20/13,541,19783,,3,7,0,1,,2,177,-,Y,ALA,4,880,-,-,30.25,H,-,N,Y,2,A,-,22350,,N,A,H,-,A,D,1,Y,A,1,0,0,1,0,0,0,0,0,0,-,-,OAKLAND,ALAMEDA,CA,-122.15271,37.4724
6005850,-122.2282258,37.80091291,2013,109,1,3,4,3,0,1,A,,,,,,1200,2,C,C,A,RT 580,FRUITVALE AV,3934,W,N,11/19/14,9370,2/20/13,937,20475,,1,7,0,1,,2,54,-,Y,ALA,4,580,-,R,42.29,H,-,W,N,2,A,-,22350,,N,A,H,-,A,D,1,Y,A,1,0,0,1,0,0,0,0,0,0,-,-,OAKLAND,ALAMEDA,CA,-122.1348,37.48067
6004270,-122.2989047,37.84918631,2013,109,1,5,4,3,0,1,A,,,,,,1800,1,C,C,A,RT 80,E ASHBY OC,50,E,N,11/6/14,9370,1/18/13,1645,19801,,2,7,0,1,,2,81,-,Y,ALA,4,80,-,-,4.57,H,-,E,N,2,A,-,22350,,N,A,H,-,A,D,6,Y,A,7,0,0,1,0,0,0,0,0,0,-,-,OAKLAND,ALAMEDA,CA,-122.2987,37.84891
6004266,-122.2577264,37.82114665,2013,109,1,5,4,3,0,1,A,,,,,,1800,1,C,C,A,RT 580,BROADWAY,50,E,N,11/19/14,9370,1/18/13,1600,19801,,2,7,0,1,,2,54,-,Y,ALA,4,580,-,-,44.5,H,-,E,N,2,A,-,22350,,N,A,H,-,A,D,1,Y,A,1,0,0,1,0,0,0,0,0,0,-,-,OAKLAND,ALAMEDA,CA,-122.25978,37.82213
6004262,-122.2722318,37.82506161,2013,109,1,4,3,8,0,1,A,,,,,,2400,1,E,I,A,RT 580,MARTIN LUTHER KING JR WY,100,W,N,11/19/14,9370,1/17/13,2330,18192,,3,7,0,1,,2,55,-,Y,ALA,4,580,-,-,45.29,H,-,E,Y,1,A,-,22107,,N,A,H,-,C,D,1,Y,A,1,0,1,0,0,0,0,0,0,0,-,-,OAKLAND,ALAMEDA,CA,-122.27021,37.82456
6004056,-122.2704141,37.81774432,2013,109,1,4,4,3,0,2,A,,,,,,900,2,C,C,A,RT 980,27TH ST,140,E,N,12/4/14,9370,2/14/13,755,16710,,1,7,0,1,,2,98,-,Y,ALA,4,980,-,-,1.647,R,1,W,N,2,A,-,22350,,N,A,H,-,A,D,1,Y,A,1,0,0,2,0,0,0,0,0,0,TO,-,OAKLAND,ALAMEDA,CA,-122.27079,37.81744
6003850,-122.2088753,37.8241539,2013,109,0,7,3,0,0,1,A,,Y,,,,1800,3,H,G,A,MOUNTAIN BL,SNAKE RD,100,E,N,2/4/14,109,3/3/13,1529,8540,1,5,7,0,0,,0,13X,-,N,,0,0,,,0,,,,N,2,D,-,0,,N,A,H,-,A,A,0,Y,-,-,0,1,0,0,0,0,1,0,0,-,-,OAKLAND,ALAMEDA,CA,0,0
6003308,-122.2744431,37.81379318,2013,109,0,7,4,11,0,1,A,Y,,,,,2100,2,G,B,B,SAN PABLO AV,23RD ST,0,,Y,1/30/14,109,2/17/13,1825,9046,1,5,7,0,0,,0,06X,-,N,,0,0,,,0,,,,N,2,A,-,21950,B,N,A,H,-,C,D,0,Y,N,60,0,0,1,0,1,0,0,0,0,-,-,OAKLAND,ALAMEDA,CA,0,0
6003304,-122.1648931,37.76268387,2013,109,0,4,4,0,0,1,A,,,,,,1800,2,B,C,A,82ND AV,MACARTHUR BL,0,,Y,1/30/14,109,2/14/13,1720,8483,2,5,7,0,0,,0,35X,-,N,,0,0,,,0,,,,N,2,D,-,0,,F,A,H,-,A,A,0,Y,-,-,0,0,1,0,0,0,0,0,0,-,-,OAKLAND,ALAMEDA,CA,0,0
6003299,-122.2179031,37.86837387,2013,109,0,7,3,9,0,1,A,,Y,,,,1500,2,D,G,A,CLAREMONT AV,GRIZZLY PEAK BL,0,S,N,1/30/14,109,2/24/13,1450,8662,1,5,7,0,0,,0,13X,-,N,,0,0,,,0,,,,N,2,A,-,21801,A,N,A,G,-,A,D,0,Y,A,8,0,1,0,0,0,0,1,0,0,-,-,OAKLAND,ALAMEDA,CA,0,0
6003295,0,0,2013,109,0,1,3,8,0,1,A,,Y,,,,1500,2,B,G,A,LAKESHORE AV,E 15TH ST,0,,Y,1/30/14,109,2/25/13,1355,8700,1,5,7,0,0,,0,19X,-,N,,0,0,,,0,,,,N,2,A,-,22107,,N,A,H,-,A,A,0,Y,L,4,0,1,0,0,0,0,1,0,0,-,-,OAKLAND,ALAMEDA,CA,0,0
6003291,-122.2109685,37.82669067,2013,109,0,1,4,11,0,1,A,Y,,,,Y,2100,2,G,B,D,MORAGA AV,MEDAU PL,50,E,N,1/30/14,109,2/25/13,1925,8652,1,5,7,0,0,,0,13Z,-,N,,0,0,,,0,,,,N,2,A,-,21955,,N,A,H,-,C,A,0,Y,N,60,0,0,1,0,1,0,0,0,0,-,-,OAKLAND,ALAMEDA,CA,0,0
6003280,-122.2161731,37.80036545,2013,109,0,1,4,9,0,1,A,,,,,,900,1,A,C,A,FRUITVALE AV,MACARTHUR BL,0,,Y,2/10/14,109,1/28/13,745,9034,1,5,7,0,0,,0,22X,-,N,,0,0,,,0,,,,N,2,A,-,21801,A,N,A,H,-,A,A,0,Y,A,1,0,0,1,0,0,0,0,0,0,-,-,OAKLAND,ALAMEDA,CA,0,0
6003276,-122.2795832,37.80589294,2013,109,0,4,4,10,0,1,A,Y,,,,,2100,1,G,B,B,BRUSH ST,12TH ST,0,,Y,2/10/14,109,1/24/13,1810,8410,1,5,7,0,0,,0,03X,-,N,,0,0,,,0,,,,N,2,A,-,21950,A,N,A,H,-,C,A,0,Y,A,1,0,0,1,0,1,0,0,0,0,-,-,OAKLAND,ALAMEDA,CA,0,0
6003208,0,0,2013,109,0,4,3,3,0,3,A,,,,,,2100,1,D,C,A,34TH AV,FERNHAM ST,200,N,N,2/10/14,109,1/24/13,1921,8420,2,5,7,0,0,,0,23X,-,N,,0,0,,,0,,,,Y,5,A,-,22350,,N,A,H,-,C,D,0,Y,A,7,0,2,1,0,0,0,0,0,0,-,-,OAKLAND,ALAMEDA,CA,0,0
6003204,-122.2552731,37.84418488,2013,109,0,3,4,10,0,1,A,Y,,,,,2100,1,G,B,C,FOREST ST,OAK GROVE AV,0,,Y,2/10/14,109,1/30/13,1821,8339,1,5,7,0,0,,0,12X,-,N,,0,0,,,0,,,,N,2,A,-,21950,A,N,A,H,-,A,D,0,Y,A,1,0,0,1,0,1,0,0,0,0,-,-,OAKLAND,ALAMEDA,CA,0,0
6002748,-122.2127031,37.76937485,2013,109,0,5,4,12,0,1,A,,,,,,1800,1,D,C,A,E 12TH ST,47TH AV,0,,Y,1/22/14,109,1/25/13,1717,8585,2,5,7,0,0,,0,26X,-,N,,0,0,,,0,,,,N,2,A,-,22450,A,M,A,H,-,B,A,0,Y,A,1,0,0,1,0,0,0,0,0,0,-,-,OAKLAND,ALAMEDA,CA,0,0
6002460,-122.2547663,37.78925804,2013,109,1,4,4,7,0,1,A,,,Y,,,2400,1,B,C,A,RT 880,5TH AV,75,S,N,12/1/14,9370,1/3/13,2255,20149,,3,7,0,1,,2,177,-,Y,ALA,4,880,-,-,30.37,H,-,S,Y,2,A,-,21658,A,N,A,H,-,C,D,1,Y,A,1,0,0,1,0,0,0,0,0,1,-,-,OAKLAND,ALAMEDA,CA,-122.25743,37.78959
6001334,-122.2417084,37.8571434,2013,109,0,6,3,8,0,1,A,,Y,,,,1200,1,H,G,A,TUNNEL RD,OAK RIDGE RD,120,W,N,1/28/14,109,1/12/13,1101,8444,1,5,7,0,0,,0,13X,-,N,,0,0,,,0,,,,N,2,A,-,22107,,N,A,H,-,A,A,0,Y,A,7,0,1,0,0,0,0,1,0,0,-,-,OAKLAND,ALAMEDA,CA,0,0
6001330,0,0,2013,109,0,5,4,5,0,1,A,,,,,,2100,1,C,C,A,SAN PABLO AV,SAN PABLO AV 2100,0,,-,4/5/14,109,1/18/13,1945,8443,1,5,7,0,0,,0,04X,-,N,,0,0,,,0,,,,N,2,A,-,21651,,M,A,H,-,C,D,0,Y,A,1,0,0,1,0,0,0,0,0,0,-,-,OAKLAND,ALAMEDA,CA,0,0
6001326,-122.2728131,37.81258392,2013,109,0,6,4,8,0,1,A,,Y,,,,300,1,B,G,A,GRAND,MLK,0,,Y,1/28/14,109,1/5/13,216,8903,1,5,7,0,0,,0,04X,-,N,,0,0,,,0,,,,N,2,A,-,22107,,M,A,H,-,C,A,0,Y,A,1,0,0,1,0,0,0,1,0,0,-,-,OAKLAND,ALAMEDA,CA,0,0
6000353,-122.2917931,37.81085587,2013,109,0,4,4,12,0,2,A,,,,,,1500,1,D,C,A,MANDELA PKWY,14TH ST,0,,Y,1/21/14,109,1/17/13,1255,8410,1,5,7,0,0,,0,02Y,-,N,,0,0,,,0,,,,Y,2,A,-,21453,A,N,A,H,-,A,A,0,Y,A,1,0,0,2,0,0,0,0,0,0,-,-,OAKLAND,ALAMEDA,CA,0,0
6000349,0,0,2013,109,0,3,4,8,0,2,A,,,,,,1800,1,D,C,A,66TH AV,INTERNATIONAL BL,250,S,N,1/21/14,109,1/2/13,1610,8161,2,5,7,0,0,,0,26Y,-,N,,0,0,,,0,,,,Y,2,A,-,22107,,M,A,H,-,A,D,0,Y,A,1,0,0,2,0,0,0,0,0,0,-,-,OAKLAND,ALAMEDA,CA,0,0
6000345,-122.1997485,37.78480911,2013,109,0,6,3,10,0,1,A,Y,,,,,1800,1,G,B,F,HIGH ST,VIRGINIA AV,125,N,N,1/21/14,109,1/12/13,1500,8614,2,5,7,0,0,,0,28X,-,N,,0,0,,,0,,,,N,2,A,-,21952,,M,A,H,-,A,D,0,Y,A,8,0,1,0,0,1,0,0,0,0,-,-,OAKLAND,ALAMEDA,CA,0,0
6000341,-122.2710731,37.81684494,2013,109,0,2,2,12,0,1,A,,Y,,,,2100,1,H,G,A,27TH ST,NORTHGATE AV,0,,Y,1/21/14,109,1/8/13,1855,8390,1,5,7,0,0,,0,08X,-,N,,0,0,,,0,,,,Y,2,A,-,21453,A,F,A,H,-,C,A,0,Y,L,4,1,0,0,0,0,0,1,0,0,-,-,OAKLAND,ALAMEDA,CA,0,0
6000337,-122.2667731,37.81147385,2013,109,0,5,4,12,0,1,A,Y,,,,,1800,1,G,-,B,GRAND AV,BROADWAY,0,,Y,1/21/14,109,1/4/13,1600,8443,1,5,7,0,0,,0,04X,-,N,,0,0,,,0,,,,N,2,A,-,21453,A,M,A,H,-,A,A,0,Y,A,1,0,0,1,0,1,0,0,0,0,-,-,OAKLAND,ALAMEDA,CA,0,0
6000333,-122.2389332,37.78518677,2013,109,0,6,4,12,0,1,B,,,,,,900,1,D,C,A,INTERNATIONAL BL,21ST AV,0,,Y,1/21/14,109,1/5/13,856,9083,1,5,7,0,0,,0,19X,-,N,,0,0,,,0,,,,N,2,A,-,21453,A,M,A,H,-,A,A,0,Y,A,7,0,0,1,0,0,0,0,0,0,-,-,OAKLAND,ALAMEDA,CA,0,0
6000302,-122.2643973,37.79377236,2013,109,1,7,4,7,0,1,B,,,,,,1200,1,C,C,A,RT 880,5TH AV,600,N,N,12/1/14,9370,1/6/13,1045,19801,,1,7,0,1,,2,177,-,Y,ALA,4,880,-,-,30.97,H,-,S,N,2,A,-,21658,A,N,B,H,-,A,D,1,Y,A,7,0,0,1,0,0,0,0,0,0,-,-,OAKLAND,ALAMEDA,CA,-122.26194,37.79172
6000224,-122.2082132,37.7986145,2013,109,0,7,3,5,0,4,A,,,,,,1800,1,A,C,A,MACARTHUR BL,HOPKINS PL,0,,Y,1/22/14,109,1/13/13,1748,8652,1,5,7,0,0,,0,22Y,-,N,,0,0,,,0,,,,Y,2,A,-,21460,A,N,A,H,-,C,D,0,Y,A,1,0,1,3,0,0,0,0,0,0,-,-,OAKLAND,ALAMEDA,CA,0,0
6000208,0,0,2013,109,0,2,3,8,0,2,A,,,,,,1800,1,B,E,A,25TH AV,INTERNATIONAL BL,140,N,N,1/18/14,109,1/8/13,1631,8585,2,5,7,0,0,,0,20X,-,N,,0,0,,,0,,,,Y,2,A,-,22107,,M,A,H,-,A,A,0,Y,A,1,0,1,1,0,0,0,0,0,0,-,-,OAKLAND,ALAMEDA,CA,0,0
5999069,-122.2048831,37.750115,2013,109,1,6,4,3,0,2,C,,,,,,1800,1,E,I,A,RT 880,66TH AV,30,S,N,11/26/14,9370,1/5/13,1730,20206,,2,7,0,1,,2,176,-,Y,ALA,4,880,-,-,26.331,R,3,S,Y,1,A,-,22350,,N,B,H,-,C,D,1,Y,A,1,0,0,2,0,0,0,0,0,0,FR,-,OAKLAND,ALAMEDA,CA,-122.20797,37.75331
5998705,0,0,2013,109,0,3,4,8,0,4,A,,,,,,1800,2,A,C,A,68TH AV,FOOTHILL,122,,N,1/30/14,109,2/20/13,1511,8265,2,5,7,0,0,,0,29X,-,N,,0,0,,,0,,,,N,2,A,-,22107,,N,A,H,-,A,A,0,Y,A,8,0,0,4,0,0,0,0,0,0,-,-,OAKLAND,ALAMEDA,CA,0,0
5998204,-122.188195,37.78343582,2013,109,0,5,4,8,0,1,A,,,,,,900,2,E,I,A,MACARTHUR BL,PIERSON ST,100,N,N,1/31/14,109,2/1/13,713,8654,2,5,7,0,0,,0,28X,-,N,,0,0,,,0,,,,N,1,A,-,22107,,N,A,H,-,B,A,0,Y,A,1,0,0,1,0,0,0,0,0,0,-,-,OAKLAND,ALAMEDA,CA,0,0