CASEID,POINT_X,POINT_Y,YEAR_,LOCATION,CHPTYPE,DAYWEEK,CRASHSEV,VIOLCAT,KILLED,INJURED,WEATHER1,PEDCOL,BICCOL,MCCOL,TRUCKCOL,ETOH,TIMECAT,MONTH_,CRASHTYP,INVOLVE,PED,PRIMARYRD,SECONDRD,DISTANCE,DIRECT,INTERSECT_,PROCDATE,JURIS,DATE_,TIME_,BADGE,JURIDIST,SHIFT,POP,SPECIAL,BEATTYPE,LAPDDIV,BEATCLAS,BEATNUMB,WEATHER2,STATEHW,CALTRANC,CALTRAND,STROUTE,ROUTESUF,POSTPRE,POSTMILE,LOCATYPE,RAMP,SIDEHW,TOWAWAY,PARTIES,PCF,VIOLCODE,VIOL,VIOLSUB,HITRUN,ROADSURF,RDCOND1,RDCOND2,LIGHTING,RIGHTWAY,CHPRDTYP,NOTPRIV,STFAULT,CHPFAULT,SEVINJ,OTHERINJ,COP,PEDKILL,PEDINJ,BICKILL,BICINJ,MCKILL,MCINJURE,RAMP1,RAMP2,CITY,COUNTY,STATE,X_CHP,Y_CHP
5987253,-122.1911839,37.72978592,2013,109,0,3,3,18,0,3,C,,,,,,2100,1,A,E,A,EMPIRE RD,KOFORD RD,150,E,N,1/22/14,109,1/23/13,1947,8367,2,5,7,0,0,,0,31Y,-,N,,0,0,,,0,,,,Y,2,C,-,0,,N,B,H,-,C,A,0,Y,-,-,0,1,2,0,0,0,0,0,0,-,-,OAKLAND,ALAMEDA,CA,0,0
5987249,-122.2480631,37.79061508,2013,109,0,4,4,9,0,1,A,,,Y,,,1500,1,D,C,A,INTERNATIONAL BL,12TH AV,0,,Y,1/22/14,109,1/3/13,1345,8051,1,5,7,0,0,,0,19X,-,N,,0,0,,,0,,,,N,2,A,-,21801,A,N,A,H,-,A,D,0,Y,A,1,0,0,1,0,0,0,0,0,1,-,-,OAKLAND,ALAMEDA,CA,0,0
5987245,-122.1852166,37.77565765,2013,109,0,3,4,9,0,2,A,,,,,,1800,1,A,C,A,MCARTHUR BL,SEMINARY AV,100,E,N,1/22/14,109,1/2/13,1735,8383,2,5,7,0,0,,0,29X,-,N,,0,0,,,0,,,,N,2,A,-,21801,A,N,A,H,-,C,A,0,Y,A,7,0,0,2,0,0,0,0,0,0,-,-,OAKLAND,ALAMEDA,CA,0,0
5987241,-122.2714267,37.82861328,2013,109,0,3,3,21,0,1,B,Y,,,,,900,1,G,B,E,WEST ST,APGAR,10,N,N,1/22/14,109,1/23/13,742,8051,1,5,7,0,0,,0,10X,-,N,,0,0,,,0,,,,N,2,A,-,22106,,M,A,H,-,A,D,0,Y,A,1,0,1,0,0,1,0,0,0,0,-,-,OAKLAND,ALAMEDA,CA,0,0
5984624,-122.2610261,37.8466301,2013,109,0,4,4,11,0,1,A,Y,,,,Y,1800,1,G,B,D,TELEGRAPH AV,60TH ST,50,N,N,1/31/14,109,1/3/13,1750,8380,1,5,7,0,0,,0,13Y,-,N,,0,0,,,0,,,,N,2,A,-,21954,A,N,A,H,-,C,D,0,Y,N,60,0,0,1,0,1,0,0,0,0,-,-,OAKLAND,ALAMEDA,CA,0,0
5979944,-122.3459456,37.81841736,2013,109,1,1,4,3,0,2,A,,,,,,1800,1,C,C,A,RT 80,SAN FRANCISCO COUNTY LINE,1250,W,N,11/6/14,9335,1/21/13,1640,19175,,2,7,0,1,,1,82,-,Y,ALA,4,80,-,-,0.24,H,-,W,Y,3,A,-,22350,,N,A,H,-,D,D,4,Y,A,1,0,0,2,0,0,0,0,0,0,-,-,OAKLAND,ALAMEDA,CA,-122.37068,37.80628
5978594,-122.1682575,37.77837112,2013,109,1,3,4,3,0,1,B,,,,,,900,3,C,C,A,RT 580,EDWARDS AV,1174,W,N,11/19/14,9370,3/6/13,855,20420,,1,7,0,1,,2,52,-,Y,ALA,4,580,-,R,38.55,H,-,W,Y,3,A,-,22350,,N,A,H,-,A,D,1,Y,A,1,0,0,1,0,0,0,0,0,0,-,-,OAKLAND,ALAMEDA,CA,-122.10034,37.46412
5978465,-122.2638131,37.79968643,2013,109,0,6,3,12,0,1,C,Y,,,,,2100,1,D,C,F,12TH ST,OAK ST,0,,Y,1/23/14,109,1/5/13,1945,8824,1,5,7,0,0,,0,03X,-,N,,0,0,,,0,,,,N,3,A,-,21453,A,N,B,G,-,C,A,0,Y,A,7,0,1,0,0,1,0,0,0,0,-,-,OAKLAND,ALAMEDA,CA,0,0
5978461,-122.2708531,37.80247498,2013,109,0,5,4,12,0,2,A,,,,,,2100,1,D,C,A,12TH ST,FRANKLIN ST,0,,Y,1/23/14,109,1/11/13,1918,8339,1,5,7,0,0,,0,03X,-,N,,0,0,,,0,,,,Y,2,A,-,21453,A,N,A,H,-,C,A,0,Y,-,-,0,0,2,0,0,0,0,0,0,-,-,OAKLAND,ALAMEDA,CA,0,0
5978457,-122.2301054,37.77367401,2013,109,0,1,3,1,0,3,A,,,,,Y,300,1,E,I,A,ELMWOOD AV,DERBY AV,108,E,N,1/23/14,109,1/14/13,127,8676,2,5,7,0,0,,0,20X,-,N,,0,0,,,0,,,,Y,1,A,-,23152,A,N,A,H,-,C,D,0,Y,A,7,0,1,2,0,0,0,0,0,0,-,-,OAKLAND,ALAMEDA,CA,0,0
5978449,-122.2555431,37.79722595,2013,109,0,5,4,9,0,1,A,,,,,,1500,1,D,C,A,3RD AV,INTERNATIONAL BL,0,,Y,1/23/14,109,1/11/13,1411,8811,1,5,7,0,0,,0,19X,-,N,,0,0,,,0,,,,N,2,A,-,21802,A,N,A,H,-,A,A,0,Y,A,1,0,0,1,0,0,0,0,0,0,-,-,OAKLAND,ALAMEDA,CA,0,0
5977594,-122.2684429,37.81419373,2013,109,0,5,3,0,0,1,A,Y,,,,,2100,1,G,B,-,TELEGRAPH AV,25TH ST,45,S,N,1/23/14,109,1/25/13,1802,8339,1,5,7,0,0,,0,08X,-,N,,0,0,,,0,,,,N,2,D,-,0,,N,A,H,-,A,D,0,Y,-,-,0,1,0,0,1,0,0,0,0,-,-,OAKLAND,ALAMEDA,CA,0,0
5977590,-122.2886731,37.80257416,2013,109,0,2,4,12,0,2,A,,,,,,2100,1,D,C,A,5TH ST,ADELINE ST,0,,Y,1/23/14,109,1/29/13,1909,8875,1,5,7,0,0,,0,02X,-,N,,0,0,,,0,,,,N,2,A,-,21453,A,N,A,H,-,C,A,0,Y,A,1,0,0,2,0,0,0,0,0,0,-,-,OAKLAND,ALAMEDA,CA,0,0
5977439,-122.2148731,37.7723465,2013,109,0,5,4,12,0,2,A,,,,,,1200,1,D,C,A,HIGH ST,INTERNATIONAL BL,0,,Y,1/30/14,109,1/4/13,907,8792,2,5,7,0,0,,0,23X,-,N,,0,0,,,0,,,,Y,2,A,-,21453,A,N,A,H,-,A,A,0,Y,A,7,0,0,2,0,0,0,0,0,0,-,-,OAKLAND,ALAMEDA,CA,0,0
5977408,-122.2683031,37.79720306,2013,109,0,4,4,10,0,1,A,Y,,,,,1200,1,G,B,B,7TH ST,JACKSON ST,0,,Y,1/24/14,109,1/24/13,1014,8513,1,5,7,0,0,,0,03X,-,N,,0,0,,,0,,,,N,2,A,-,21950,A,N,A,H,-,A,A,0,Y,A,1,0,0,1,0,1,0,0,0,0,-,-,OAKLAND,ALAMEDA,CA,0,0
5977404,-122.1999008,37.76393509,2013,109,0,4,3,21,0,2,A,,,Y,,,1800,1,H,C,A,60TH AV,EASTLAWN ST,200,N,N,1/24/14,109,1/31/13,1711,8585,2,5,7,0,0,,0,26X,-,N,,0,0,,,0,,,,N,2,A,-,22106,,N,A,H,-,A,D,0,Y,C,6,0,1,1,0,0,0,0,0,1,-,-,OAKLAND,ALAMEDA,CA,0,0
5977400,-122.2581802,37.82232666,2013,109,0,4,4,6,0,1,A,,,Y,,,1500,1,B,C,A,PIEDMONT AV,WESTALL AV,110,S,N,1/24/14,109,1/31/13,1417,9039,1,5,7,0,0,,0,09X,-,N,,0,0,,,0,,,,N,2,A,-,21755,,N,A,H,-,A,D,0,Y,C,2,0,0,1,0,0,0,0,0,1,-,-,OAKLAND,ALAMEDA,CA,0,0
5977396,-122.1739088,37.76522064,2013,109,0,1,4,10,0,1,A,Y,,,,,900,1,G,B,B,76TH AV,GARFIELD AV,9,N,N,1/24/14,109,1/28/13,807,8155,2,5,7,0,0,,0,30Y,-,N,,0,0,,,0,,,,N,2,A,-,21950,A,N,A,H,-,A,A,0,Y,A,7,0,0,1,0,1,0,0,0,0,-,-,OAKLAND,ALAMEDA,CA,0,0
5977392,-122.1744382,37.79717636,2013,109,0,7,4,7,0,2,A,,,,,,2400,1,B,C,A,REDWOOD RD,CRESTMONT DR,150,N,N,1/24/14,109,1/27/13,2123,8614,1,5,7,0,0,,0,22Y,-,N,,0,0,,,0,,,,N,2,A,-,21658,A,N,A,H,-,C,D,0,Y,A,1,0,0,2,0,0,0,0,0,0,-,-,OAKLAND,ALAMEDA,CA,0,0
5977388,-122.2337046,37.7803154,2013,109,0,5,4,12,0,1,A,,,,,,2100,1,C,C,A,12TH ST,26TH AV,5,W,N,1/24/14,109,1/18/13,2022,8866,2,5,7,0,0,,0,20X,-,N,,0,0,,,0,,,,N,2,A,-,22450,A,M,A,H,-,C,D,0,Y,A,1,0,0,1,0,0,0,0,0,0,-,-,OAKLAND,ALAMEDA,CA,0,0
5977279,-122.1937331,37.7623558,2013,109,0,3,4,8,0,1,A,,Y,,,,1500,1,C,G,A,66TH AV,INTERNATIONAL BL,0,,Y,4/7/14,109,1/9/13,1248,1087,,5,7,0,0,,0,264,-,N,,0,0,,,0,,,,N,2,A,-,22107,,F,A,A,-,A,A,0,Y,-,-,0,0,1,0,0,0,1,0,0,-,-,OAKLAND,ALAMEDA,CA,0,0
5977204,-122.2171531,37.79795456,2013,109,0,2,4,12,0,2,A,,,,,,900,1,D,C,A,FRUITVALE AV,HAROLD ST,0,,Y,1/23/14,109,1/1/13,842,8119,2,5,7,0,0,,0,21Y,-,N,,0,0,,,0,,,,Y,2,A,-,21453,A,N,A,H,-,A,A,0,Y,A,1,0,0,2,0,0,0,0,0,0,-,-,OAKLAND,ALAMEDA,CA,0,0
5976893,-122.2663331,37.81216431,2013,109,0,2,4,9,0,1,A,,,,,,1200,1,D,C,A,23RD ST,BROADWAY,0,,Y,1/28/14,109,1/22/13,1155,8824,1,5,7,0,0,,0,8,-,N,,0,0,,,0,,,,N,2,A,-,21802,A,N,A,H,-,A,D,0,Y,A,1,0,0,1,0,0,0,0,0,0,-,-,OAKLAND,ALAMEDA,CA,0,0
5976889,-122.3040831,37.80773544,2013,109,0,3,4,12,0,1,A,,,,,,1500,1,D,C,A,7TH ST,FRONTAGE RD,0,,Y,1/28/14,109,1/30/13,1430,8894,1,5,7,0,0,,0,2,-,N,,0,0,,,0,,,,Y,2,A,-,21453,A,N,A,H,-,A,A,0,Y,A,7,0,0,1,0,0,0,0,0,0,-,-,OAKLAND,ALAMEDA,CA,0,0
5976885,-122.2641032,37.80154419,2013,109,0,1,4,10,0,1,A,Y,,,,,2100,1,B,B,B,MADISON ST,14TH ST,0,,Y,1/28/14,109,1/14/13,1830,8848,1,5,7,0,0,,0,3,-,N,,0,0,,,0,,,,N,2,A,-,21950,A,N,A,H,-,C,A,0,Y,A,1,0,0,1,0,1,0,0,0,0,-,-,OAKLAND,ALAMEDA,CA,0,0
5976881,-122.2568132,37.82751465,2013,109,0,1,4,10,0,1,A,Y,,,,,1800,1,G,B,B,40TH ST,BROADWAY,0,,Y,1/28/14,109,1/14/13,1607,9110,1,5,7,0,0,,0,9,-,N,,0,0,,,0,,,,N,2,A,-,21950,A,N,A,H,-,A,A,0,Y,A,1,0,0,1,0,1,0,0,0,0,-,-,OAKLAND,ALAMEDA,CA,0,0
5976318,-122.1597531,37.75130463,2013,109,0,2,4,9,0,1,A,,,,,,1800,1,D,C,A,MACARTHUR BL,96TH AV,0,,Y,1/23/14,109,1/1/13,1637,8817,2,5,7,0,0,,0,35X,-,N,,0,0,,,0,,,,N,3,A,-,21801,A,N,A,H,-,A,D,0,Y,A,8,0,0,1,0,0,0,0,0,0,-,-,OAKLAND,ALAMEDA,CA,0,0
5975334,-122.2060331,37.794325,2013,109,1,2,3,1,0,2,B,,,,,Y,2400,1,C,C,A,RT 580,35TH AV,45,W,N,11/19/14,9370,1/22/13,2235,18837,,3,7,0,1,,2,53,-,Y,ALA,4,580,-,R,40.771,R,1,E,Y,2,A,-,23152,A,N,A,H,-,C,A,1,Y,A,1,0,2,0,0,0,0,0,0,0,TO,-,OAKLAND,ALAMEDA,CA,-122.12139,37.47317
5975310,-122.1798517,37.78402701,2013,109,1,2,4,8,0,1,A,,,,,,900,1,E,I,A,RT 580,RT 13,100,W,N,11/19/14,9370,1/15/13,855,14859,,1,7,0,1,,2,52,-,Y,ALA,4,580,-,R,39.26,H,-,W,Y,3,A,-,22107,,N,A,H,-,A,D,1,Y,A,1,0,0,1,0,0,0,0,0,0,-,-,OAKLAND,ALAMEDA,CA,-122.1051,37.4718
5974117,-122.2456532,37.78996658,2013,109,0,7,3,0,0,2,A,,,,,,2100,1,E,I,A,14TH AV,E 15TH ST,0,,Y,4/2/14,109,1/27/13,2000,8619,1,5,7,0,0,,0,19X,-,N,,0,0,,,0,,,,Y,1,D,-,0,,N,A,H,-,C,A,0,Y,-,-,0,2,0,0,0,0,0,0,0,-,-,OAKLAND,ALAMEDA,CA,0,0
5974116,-122.2710232,37.81964493,2013,109,0,7,4,9,0,2,A,,,,,,1200,1,D,C,A,MARTIN LUTHER KING JR WY,30TH ST,0,,Y,1/21/14,109,1/27/13,957,9091,1,5,7,0,0,,0,06X,-,N,,0,0,,,0,,,,Y,2,A,-,21802,A,N,A,H,-,A,A,0,Y,A,1,0,0,2,0,0,0,0,0,0,-,-,OAKLAND,ALAMEDA,CA,0,0
5974115,-122.2738528,37.79578781,2013,109,0,5,4,9,0,1,A,,,,,,1200,1,D,C,A,WEBSTER ST,3RD ST,50,S,N,1/21/14,109,1/18/13,1121,13-00318,1,5,7,0,0,,0,01X,-,N,,0,0,,,0,,,,Y,2,A,-,21801,A,N,A,H,-,A,A,0,Y,A,1,0,0,1,0,0,0,0,0,0,-,-,OAKLAND,ALAMEDA,CA,0,0
5974114,-122.2700931,37.83398438,2013,109,0,3,4,9,0,1,A,,,,,,1500,1,D,C,A,WEST ST,45TH ST,0,,Y,1/21/14,109,1/16/13,1215,7871,1,5,7,0,0,,0,10Y,-,N,,0,0,,,0,,,,N,2,A,-,21800,A,N,A,H,-,A,A,0,Y,A,1,0,0,1,0,0,0,0,0,0,-,-,OAKLAND,ALAMEDA,CA,0,0
5974113,-122.2636732,37.8337059,2013,109,0,2,3,5,0,1,A,,Y,,,,1800,1,H,G,A,SHATTUCK AV,46TH ST,0,,Y,1/21/14,109,1/8/13,1539,8557,1,5,7,0,0,,0,12X,-,N,,0,0,,,0,,,,N,2,A,-,21650,1,N,A,H,-,A,A,0,Y,L,4,0,1,0,0,0,0,1,0,0,-,-,OAKLAND,ALAMEDA,CA,0,0
5974112,-122.1821632,37.75098419,2013,109,0,5,4,12,0,1,A,,Y,,,,1500,1,H,G,A,85TH AV,D ST,0,,Y,1/21/14,109,1/11/13,1444,8259,2,5,7,0,0,,0,33X,-,N,,0,0,,,0,,,,N,2,A,-,22450,A,N,A,H,-,A,A,0,Y,L,4,0,0,1,0,0,0,1,0,0,-,-,OAKLAND,ALAMEDA,CA,0,0
5974111,-122.2359631,37.78341675,2013,109,0,6,4,12,0,1,A,,,,,,1200,1,D,C,A,23RD AV,INTERNATIONAL BL,0,,Y,1/21/14,109,1/12/13,1104,9083,1,5,7,0,0,,0,19X,-,N,,0,0,,,0,,,,N,2,A,-,21453,A,N,A,H,-,A,A,0,Y,A,7,0,0,1,0,0,0,0,0,0,-,-,OAKLAND,ALAMEDA,CA,0,0
5974110,-122.1751683,37.73940659,2013,109,0,7,4,8,0,1,A,,,,,,2400,1,A,C,A,E ST,100TH AV,80,E,N,1/21/14,109,1/20/13,2234,8988,2,5,7,0,0,,0,32X,-,N,,0,0,,,0,,,,N,2,A,-,22107,,M,A,H,-,C,D,0,Y,A,1,0,0,1,0,0,0,0,0,0,-,-,OAKLAND,ALAMEDA,CA,0,0
5974109,-122.2389332,37.78518677,2013,109,0,2,4,12,0,1,A,,,,,,1200,1,D,C,A,INTERNATIONAL BL,21ST AV,0,,Y,1/21/14,109,1/1/13,1105,9083,1,5,7,0,0,,0,19X,-,N,,0,0,,,0,,,,N,2,A,-,21453,A,M,A,H,-,A,A,0,Y,A,1,0,0,1,0,0,0,0,0,0,-,-,OAKLAND,ALAMEDA,CA,0,0
5974108,-122.2538831,37.80876541,2013,109,0,3,4,9,0,1,A,,Y,,,,2100,1,H,G,A,GRAND AV,STATEN AV,0,,Y,1/21/14,109,1/30/13,1946,8390,1,5,7,0,0,,0,14X,-,N,,0,0,,,0,,,,N,2,A,-,21801,A,M,A,H,-,C,A,0,Y,A,7,0,0,1,0,0,0,1,0,0,-,-,OAKLAND,ALAMEDA,CA,0,0
5974107,-122.2728131,37.81258392,2013,109,0,6,4,12,0,1,A,,Y,,,,1200,1,B,G,A,MARTIN LUTHER KING JR WY,WEST GRAND AV,0,,Y,1/21/14,109,1/19/13,1044,9091,1,5,7,0,0,,0,04X,-,N,,0,0,,,0,,,,N,2,A,-,21453,A,F,A,H,-,A,A,0,Y,A,8,0,0,1,0,0,0,1,0,0,-,-,OAKLAND,ALAMEDA,CA,0,0
5965342,-122.2871832,37.81619644,2013,109,0,4,4,3,0,1,C,,,,,,2100,3,C,-,A,W GRAND AV,POPLAR ST,0,,Y,2/3/14,109,3/7/13,1800,8444,1,5,7,0,0,,0,05X,-,N,,0,0,,,0,,,,N,2,A,-,22350,,M,B,H,-,C,A,0,Y,A,1,0,0,1,0,0,0,0,0,0,-,-,OAKLAND,ALAMEDA,CA,0,0
5965326,-122.2428785,37.78126144,2013,109,0,4,4,9,0,1,C,,,,,,2100,3,D,C,A,EMBARCADERO,LIVINGSTON ST,200,W,N,2/3/14,109,3/7/13,1819,8184,1,5,7,0,0,,0,19X,-,N,,0,0,,,0,,,,Y,3,A,-,21804,A,N,B,H,-,C,A,0,Y,A,1,0,0,1,0,0,0,0,0,0,-,-,OAKLAND,ALAMEDA,CA,0,0
5965322,-122.1666901,37.76475906,2013,109,0,4,4,8,0,2,B,,,,,,1800,3,B,C,A,MACARTHUR BL,RITCHIE,50,W,N,2/3/14,109,3/7/13,1658,8517,2,5,7,0,0,,0,30Y,-,N,,0,0,,,0,,,,N,2,A,-,22102,,N,B,H,-,A,D,0,Y,A,1,0,0,2,0,0,0,0,0,0,-,-,OAKLAND,ALAMEDA,CA,0,0
5965318,-122.2780431,37.80527496,2013,109,0,5,4,12,0,1,A,,,,,,1500,3,D,C,A,12TH ST,CASTRO ST,0,,Y,2/3/14,109,3/8/13,1320,8900,1,5,7,0,0,,0,03X,-,N,,0,0,,,0,,,,N,2,A,-,21453,A,N,A,H,-,A,A,0,Y,A,1,0,0,1,0,0,0,0,0,0,-,-,OAKLAND,ALAMEDA,CA,0,0
5965314,-122.2702673,37.80140686,2013,109,0,2,4,21,0,1,A,,,,,,1800,3,C,E,A,11TH ST,WEBSTER ST,50,W,N,2/3/14,109,3/12/13,1650,8652,1,5,7,0,0,,0,03X,-,N,,0,0,,,0,,,,N,2,A,-,22106,,N,A,H,-,A,D,0,Y,A,8,0,0,1,0,0,0,0,0,0,-,-,OAKLAND,ALAMEDA,CA,0,0
5965310,-122.2143467,37.76831436,2013,109,0,1,4,4,0,1,A,,,,,,1200,3,C,C,A,SAN LEANDRO ST,47TH AV,40,W,N,2/3/14,109,3/11/13,1015,8088,2,5,7,0,0,,0,28X,-,N,,0,0,,,0,,,,N,2,A,-,21703,,N,A,H,-,A,D,0,Y,A,8,0,0,1,0,0,0,0,0,0,-,-,OAKLAND,ALAMEDA,CA,0,0
5965306,-122.2654932,37.80638504,2013,109,0,2,4,9,0,3,A,,,,,,1800,3,D,D,A,19TH ST,HARRISON ST,0,,Y,2/3/14,109,3/12/13,1728,8776,1,5,7,0,0,,0,04X,-,N,,0,0,,,0,,,,N,2,A,-,21801,A,N,A,H,-,A,A,0,Y,A,1,0,0,3,0,0,0,0,0,0,-,-,OAKLAND,ALAMEDA,CA,0,0
5965302,-122.2663331,37.81216431,2013,109,0,3,4,3,0,1,A,,,,,,1500,3,C,C,A,BROADWAY,23RD ST,0,,Y,2/3/14,109,3/13/13,1229,8339,1,5,7,0,0,,0,08X,-,N,,0,0,,,0,,,,N,2,A,-,22350,,N,A,H,-,A,D,0,Y,A,1,0,0,1,0,0,0,0,0,0,-,-,OAKLAND,ALAMEDA,CA,0,0
5959821,-122.282536,37.84127808,2013,109,0,3,4,8,0,2,A,,,Y,,,2400,7,H,A,A,STANFORD AV,SAN PABLO AV,200,E,N,11/4/13,109,7/24/13,2335,8226,2,5,7,0,0,,0,10X,-,N,,0,0,,,0,,,,N,1,A,-,22107,,N,A,H,-,C,A,0,Y,C,3,0,0,2,0,0,0,0,0,2,-,-,OAKLAND,ALAMEDA,CA,0,0
5949896,-122.176341,37.75212479,2013,109,0,2,4,3,0,4,A,,,,,,1800,1,B,C,A,INTERNATIONAL BL,AUSEON AV,30,E,N,1/25/14,109,1/1/13,1637,8717,2,5,7,0,0,,0,34X,-,N,,0,0,,,0,,,,Y,4,A,-,22350,,M,A,H,-,A,D,0,Y,A,1,0,0,4,0,0,0,0,0,0,-,-,OAKLAND,ALAMEDA,CA,0,0
5949606,-122.2585032,37.8093338,2013,109,0,4,4,8,0,2,A,,,,,,1500,1,B,C,A,GRAND AV,LENOX AV,0,,Y,1/22/14,109,1/31/13,1221,9070,1,5,7,0,0,,0,14X,-,N,,0,0,,,0,,,,N,2,A,-,22107,,N,A,H,-,A,A,0,Y,A,8,0,0,2,0,0,0,0,0,0,-,-,OAKLAND,ALAMEDA,CA,0,0
5947703,-122.2624805,37.81049728,2013,109,0,1,4,3,0,2,A,,,,,,1800,3,C,C,A,HARRISON ST,GRAND AV,150,S,N,2/1/14,109,3/11/13,1636,8824,1,5,7,0,0,,0,04X,-,N,,0,0,,,0,,,,N,2,A,-,22350,,N,A,H,-,A,A,0,Y,A,7,0,0,2,0,0,0,0,0,0,-,-,OAKLAND,ALAMEDA,CA,0,0
5947699,-122.1472731,37.7432251,2013,109,0,3,2,3,0,1,A,,,Y,,,1800,3,D,C,A,FOOTHILL BL,108TH AV,0,,Y,2/1/14,109,3/13/13,1610,8367,2,5,7,0,0,,0,32Y,-,N,,0,0,,,0,,,,Y,2,A,-,22350,,N,A,H,-,A,A,0,Y,C,2,1,0,0,0,0,0,0,0,1,-,-,OAKLAND,ALAMEDA,CA,0,0
5947695,-122.2504624,37.82160568,2013,109,0,7,4,21,0,1,A,,,,,,2100,3,D,C,A,HARRISON ST,BAYO VISTA,50,N,N,2/1/14,109,3/17/13,2000,8606,1,5,7,0,0,,0,09X,-,N,,0,0,,,0,,,,N,2,A,-,22106,,N,A,H,-,C,A,0,Y,A,1,0,0,1,0,0,0,0,0,0,-,-,OAKLAND,ALAMEDA,CA,0,0
5947691,-122.2605432,37.85019302,2013,109,0,2,3,12,0,1,-,,Y,,,,1200,3,H,G,A,TELEGRAPH AV,ALCATRAZ AV,0,,N,2/1/14,109,3/19/13,950,8652,1,5,7,0,0,,0,12Y,-,N,,0,0,,,0,,,,N,2,A,-,21453,A,N,A,H,-,A,A,0,Y,L,4,0,1,0,0,0,0,1,0,0,-,-,OAKLAND,ALAMEDA,CA,0,0
5946445,-122.2652642,37.82626343,2013,109,0,6,4,21,0,3,A,,,,,,2100,1,C,C,A,TELEGRAPH AV,WEST MACARTHUR BL,15,S,N,1/23/14,109,1/19/13,1937,8660,1,5,7,0,0,,0,08X,-,N,,0,0,,,0,,,,N,2,A,-,22106,,N,A,H,-,C,A,0,Y,A,1,0,0,3,0,0,0,0,0,0,-,-,OAKLAND,ALAMEDA,CA,0,0
5946444,-122.2710232,37.81964493,2013,109,0,1,4,9,0,1,A,,,Y,,,1500,1,D,C,A,30TH ST,MARTIN LUTHER KING JR WY,0,,Y,1/24/14,109,1/14/13,1456,8444,1,5,7,0,0,,0,06X,-,N,,0,0,,,0,,,,N,2,A,-,21802,A,N,A,H,-,A,A,0,Y,I,9,0,0,1,0,0,0,0,0,0,-,-,OAKLAND,ALAMEDA,CA,0,0
5946441,-122.2810031,37.81134415,2013,109,0,6,4,10,0,1,A,Y,,,,Y,300,1,G,B,B,MYRTLE ST,18TH ST,0,,Y,1/23/14,109,1/19/13,208,8938,1,5,7,0,0,,0,05X,-,N,,0,0,,,0,,,,N,2,A,-,21950,A,N,A,H,-,C,A,0,Y,A,1,0,0,1,0,1,0,0,0,0,-,-,OAKLAND,ALAMEDA,CA,0,0
5946440,-122.2487331,37.81014633,2013,109,0,1,4,10,0,1,A,Y,,,,,1500,1,G,B,B,GRAND AV,MACARTHUR BL,0,,Y,1/24/14,109,1/14/13,1415,9073,1,5,7,0,0,,0,14X,-,N,,0,0,,,0,,,,N,2,A,-,21950,A,N,A,H,-,A,A,0,Y,A,1,0,0,1,0,1,0,0,0,0,-,-,OAKLAND,ALAMEDA,CA,0,0
5946437,-122.2998031,37.81435394,2013,109,0,4,4,12,0,1,A,,,,,,2100,1,D,C,A,FRONTAGE RD,14TH ST,0,,Y,1/23/14,109,1/17/13,2000,8480,1,5,7,0,0,,0,02X,-,N,,0,0,,,0,,,,N,2,A,-,22450,A,N,A,H,-,C,A,0,Y,A,1,0,0,1,0,0,0,0,0,0,-,-,OAKLAND,ALAMEDA,CA,0,0
5946436,-122.2543332,37.80096817,2013,109,0,5,4,3,0,1,A,,,Y,,,2100,1,F,A,A,LAKESHORE AV,E 18TH ST,150,N,N,1/24/14,109,1/4/13,1820,9025,1,5,7,0,0,,0,15X,-,N,,0,0,,,0,,,,N,1,A,-,22350,,N,A,H,-,C,A,0,Y,C,2,0,0,1,0,0,0,0,0,1,-,-,OAKLAND,ALAMEDA,CA,0,0
5946433,-122.226155,37.78376007,2013,109,0,4,2,11,0,1,A,Y,,,,Y,1800,1,G,B,D,28TH AV,FOOTHILL BL,285,S,N,1/23/14,109,1/17/13,1732,8532,2,5,7,0,0,,0,20X,-,N,,0,0,,,0,,,,N,2,A,-,21954,A,N,A,H,-,B,D,0,Y,N,60,1,0,0,0,1,0,0,0,0,-,-,OAKLAND,ALAMEDA,CA,0,0
5946432,-122.2712632,37.80179596,2013,109,0,3,4,10,0,1,A,Y,,,,,1200,1,G,B,B,FRANKLIN ST,11TH ST,0,,Y,1/24/14,109,1/30/13,1113,8417,1,5,7,0,0,,0,03X,-,N,,0,0,,,0,,,,N,2,A,-,21950,A,M,A,H,-,A,A,0,Y,A,1,0,0,1,0,1,0,0,0,0,-,-,OAKLAND,ALAMEDA,CA,0,0
5946429,-122.1965432,37.75083923,2013,109,0,2,3,3,0,2,A,,,,,,1500,1,E,I,A,HEGENBERGER RD,BALDWIN ST,100,N,N,1/23/14,109,1/15/13,1341,8257,2,5,7,0,0,,0,31X,-,N,,0,0,,,0,,,,Y,1,A,-,22350,,N,A,H,-,A,D,0,Y,A,1,0,1,1,0,0,0,0,0,0,-,-,OAKLAND,ALAMEDA,CA,0,0
5946425,-122.2290032,37.80053329,2013,109,0,2,4,10,0,1,A,Y,,,,,900,1,G,B,B,BEAUMONT AV,MACARTHUR BL,0,,Y,1/23/14,109,1/8/13,712,8765,1,5,7,0,0,,0,17Y,-,N,,0,0,,,0,,,,N,2,A,-,21950,A,N,A,H,-,A,A,0,Y,A,1,0,0,1,0,1,0,0,0,0,-,-,OAKLAND,ALAMEDA,CA,0,0