CASEID,POINT_X,POINT_Y,YEAR_,LOCATION,CHPTYPE,DAYWEEK,CRASHSEV,VIOLCAT,KILLED,INJURED,WEATHER1,PEDCOL,BICCOL,MCCOL,TRUCKCOL,ETOH,TIMECAT,MONTH_,CRASHTYP,INVOLVE,PED,PRIMARYRD,SECONDRD,DISTANCE,DIRECT,INTERSECT_,PROCDATE,JURIS,DATE_,TIME_,BADGE,JURIDIST,SHIFT,POP,SPECIAL,BEATTYPE,LAPDDIV,BEATCLAS,BEATNUMB,WEATHER2,STATEHW,CALTRANC,CALTRAND,STROUTE,ROUTESUF,POSTPRE,POSTMILE,LOCATYPE,RAMP,SIDEHW,TOWAWAY,PARTIES,PCF,VIOLCODE,VIOL,VIOLSUB,HITRUN,ROADSURF,RDCOND1,RDCOND2,LIGHTING,RIGHTWAY,CHPRDTYP,NOTPRIV,STFAULT,CHPFAULT,SEVINJ,OTHERINJ,COP,PEDKILL,PEDINJ,BICKILL,BICINJ,MCKILL,MCINJURE,RAMP1,RAMP2,CITY,COUNTY,STATE,X_CHP,Y_CHP
5946421,0,0,2013,109,0,6,3,12,0,1,A,,,,,,2100,1,D,C,A,SANTA CLARA AV,OAKLAND AV,0,,Y,1/23/14,109,1/26/13,2050,8655,1,5,7,0,0,,0,14Y,-,N,,0,0,,,0,,,,Y,2,A,-,21453,A,M,A,H,-,C,A,0,Y,A,7,0,1,0,0,0,0,0,0,0,-,-,OAKLAND,ALAMEDA,CA,0,0
5946417,-122.2040334,37.77124023,2013,109,0,7,4,21,0,1,A,,,,,,1500,1,D,C,A,WENTWORTH AV,54TH AV,250,W,N,1/23/14,109,1/27/13,1300,8966,2,5,7,0,0,,0,27Y,-,N,,0,0,,,0,,,,N,2,A,-,22106,,N,A,H,-,A,D,0,Y,A,1,0,0,1,0,0,0,0,0,0,-,-,OAKLAND,ALAMEDA,CA,0,0
5946413,-122.2138531,37.77523422,2013,109,0,7,4,12,0,1,A,,,,,,1800,1,D,C,A,42ND AV,BOND ST,0,,Y,1/23/14,109,1/27/13,1710,8707,2,5,7,0,0,,0,23X,-,N,,0,0,,,0,,,,N,2,A,-,21453,A,N,A,H,-,B,A,0,Y,-,-,0,0,1,0,0,0,0,0,0,-,-,OAKLAND,ALAMEDA,CA,0,0
5946401,-122.2125331,37.79476547,2013,109,0,7,3,0,0,1,A,,Y,,,,1500,1,H,G,A,COOLIDGE AV,SCHOOL ST,0,,Y,1/23/14,109,1/27/13,1340,9048,1,5,7,0,0,,0,21Y,-,N,,0,0,,,0,,,,N,2,D,-,0,,N,A,H,-,A,A,0,Y,-,-,0,1,0,0,0,0,1,0,0,-,-,OAKLAND,ALAMEDA,CA,0,0
5946398,-122.2747432,37.81288528,2013,109,0,2,4,9,0,2,A,,,,,,2100,1,D,C,A,BRUSH ST,W GRAND AV,0,,Y,1/23/14,109,1/29/13,2030,8894,1,5,7,0,0,,0,05X,-,N,,0,0,,,0,,,,N,2,A,-,21802,A,N,A,H,-,C,A,0,Y,A,1,0,0,2,0,0,0,0,0,0,-,-,OAKLAND,ALAMEDA,CA,0,0
5943500,-122.247923,37.81006613,2013,109,1,1,4,8,0,1,A,,,,,,2400,2,E,I,A,RT 580,GRAND AV,211,E,N,11/19/14,9370,2/18/13,2302,18843,,3,7,0,1,,2,54,-,Y,ALA,4,580,-,-,43.59,H,-,E,Y,1,A,-,22107,,N,A,H,-,C,D,1,Y,A,1,0,0,1,0,0,0,0,0,0,-,-,OAKLAND,ALAMEDA,CA,-122.2452,37.001
5943496,-122.1811599,37.79089104,2013,109,3,7,3,1,0,2,A,,,,,Y,600,2,E,I,A,RT 13,RT 580,2819,N,N,10/30/14,9370,2/10/13,418,20258,,3,7,0,1,,2,13,-,Y,ALA,4,13,-,-,4.79,H,-,S,Y,1,A,-,23152,A,N,A,H,-,D,D,1,Y,A,1,0,1,1,0,0,0,0,0,0,-,-,OAKLAND,ALAMEDA,CA,-122.1786,37.78403
5943357,-122.2227731,37.78374481,2013,109,0,6,4,3,0,2,A,,,,,,300,2,D,C,A,FRUITVALE AV,FOOTHILL BL,0,,Y,1/27/14,109,2/9/13,130,8902,2,5,7,0,0,,0,23X,-,N,,0,0,,,0,,,,Y,3,A,-,22350,,M,A,H,-,C,A,0,Y,A,1,0,0,2,0,0,0,0,0,0,-,-,OAKLAND,ALAMEDA,CA,0,0
5943353,-122.1965447,37.75078201,2013,109,0,6,4,8,0,1,A,,Y,,,,1800,1,G,G,A,HEGENBERGER RD,BALDWIN WY,80,N,N,1/28/14,109,1/12/13,1701,8817,2,5,7,0,0,,0,31Y,-,N,,0,0,,,0,,,,N,2,A,-,22107,,M,A,H,-,A,A,0,Y,A,8,0,0,1,0,0,0,1,0,0,-,-,OAKLAND,ALAMEDA,CA,0,0
5943349,-122.1610236,37.74334335,2013,109,0,1,3,3,0,1,A,,,,,,2100,2,A,C,A,102ND AV,SUNNYSIDE ST,228,S,N,1/28/14,109,2/11/13,2057,8611,2,5,7,0,0,,0,32Y,-,N,,0,0,,,0,,,,Y,3,A,-,22350,,F,A,H,-,C,D,0,Y,A,1,0,1,0,0,0,0,0,0,0,-,-,OAKLAND,ALAMEDA,CA,0,0
5943345,-122.2731131,37.8116951,2013,109,0,5,4,10,0,1,A,Y,,,,,2100,2,G,B,B,MARTIN LUTHER KING JR WY,22ND ST,0,,Y,1/27/14,109,2/1/13,1914,7676,1,5,7,0,0,,0,04X,-,N,,0,0,,,0,,,,N,2,A,-,21950,A,N,A,H,-,C,A,0,Y,A,1,0,0,1,0,1,0,0,0,0,-,-,OAKLAND,ALAMEDA,CA,0,0
5943341,-122.2647842,37.83678436,2013,109,0,1,4,10,0,1,A,Y,,,,,1800,2,G,B,B,51ST ST,SHATTUCK AV,200,W,N,1/28/14,109,2/4/13,1740,8660,1,5,7,0,0,,0,12X,-,N,,0,0,,,0,,,,N,2,A,-,21950,A,M,A,H,-,A,A,0,Y,-,99,0,0,1,0,1,0,0,0,0,-,-,OAKLAND,ALAMEDA,CA,0,0
5943337,-122.1958831,37.7525444,2013,109,0,5,2,11,0,1,A,Y,,,,Y,2400,2,G,B,D,SAN LEANDRO ST,HEGENBERGER RD,0,,Y,1/28/14,109,2/1/13,2311,9063,2,5,7,0,0,,0,26Y,-,N,,0,0,,,0,,,,N,2,A,-,21950,B,N,A,H,-,C,A,0,Y,N,60,1,0,0,0,1,0,0,0,0,-,-,OAKLAND,ALAMEDA,CA,0,0
5942987,-122.2699631,37.80820465,2013,109,0,6,4,12,0,1,A,,Y,,,,2400,3,H,G,A,19TH ST,TELEGRAPH AV,0,,Y,2/1/14,109,3/9/13,2322,8898,1,5,7,0,0,,0,04X,-,N,,0,0,,,0,,,,N,2,A,-,21453,A,N,A,H,-,C,A,0,Y,D,22,0,0,1,0,0,0,1,0,0,-,-,OAKLAND,ALAMEDA,CA,0,0
5942985,-122.2571329,37.82084606,2013,109,0,6,4,3,0,1,A,,,,,,1500,2,C,C,A,RT 24,51ST ST,50,S,N,11/12/14,109,2/16/13,1407,8961,1,5,7,0,0,,0,11X,-,Y,ALA,4,580,-,-,44.471,R,1,E,N,2,A,-,22350,,N,A,H,-,A,D,0,Y,D,22,0,0,1,0,0,0,0,0,0,-,-,OAKLAND,ALAMEDA,CA,0,0
5942835,-122.3278782,37.82165576,2013,109,1,2,4,7,0,1,B,,,,,,1200,3,B,C,A,RT 80,SFOBB TP,2640,W,N,12/9/14,9335,3/12/13,1115,13058,,1,7,0,1,,1,82,-,Y,ALA,4,80,-,-,1.5,H,-,W,N,3,A,-,21658,A,N,A,H,-,A,D,4,Y,A,7,0,0,1,0,0,0,0,0,0,-,-,OAKLAND,ALAMEDA,CA,0,0
5941812,-122.1952531,37.74407578,2013,109,0,3,4,8,0,1,A,,,,,,900,3,B,C,A,ENTERPRISE WY,EDES AV,0,,Y,2/6/14,109,3/13/13,830,8652,2,5,7,0,0,,0,31Y,-,N,,0,0,,,0,,,,N,2,A,-,22107,,M,A,H,-,A,A,0,Y,D,22,0,0,1,0,0,0,0,0,0,-,-,OAKLAND,ALAMEDA,CA,0,0
5941808,-122.2335931,37.85204501,2013,109,0,3,4,7,0,2,A,,,,Y,,1800,3,D,C,A,TUNNEL RD,CALDECOTT LN,0,,Y,11/12/14,109,3/6/13,1552,8339,1,5,7,0,0,,0,13X,-,Y,ALA,4,13,-,-,9.99,I,5,S,N,2,A,-,21658,A,M,A,H,-,A,A,0,Y,F,26,0,0,2,0,0,0,0,0,0,-,-,OAKLAND,ALAMEDA,CA,0,0
5941645,-122.1678731,37.75261307,2013,109,0,1,4,12,0,2,A,,,,,,1800,3,B,C,A,90TH AV,OLIVE ST,0,,Y,2/3/14,109,3/4/13,1514,8717,2,5,7,0,0,,0,34X,-,N,,0,0,,,0,,,,Y,2,A,-,22450,A,M,A,H,-,A,A,0,Y,A,1,0,0,2,0,0,0,0,0,0,-,-,OAKLAND,ALAMEDA,CA,0,0
5941642,-122.1757531,37.75436401,2013,109,0,5,4,9,0,2,A,,,,,,1800,2,D,C,A,85TH AV,HOLLY ST,0,,Y,1/30/14,109,2/22/13,1624,8520,2,5,7,0,0,,0,34X,-,N,,0,0,,,0,,,,N,2,A,-,21800,A,N,A,H,-,A,A,0,Y,D,22,0,0,2,0,0,0,0,0,0,-,-,OAKLAND,ALAMEDA,CA,0,0
5941640,-122.1672431,37.74589539,2013,109,0,5,4,12,0,1,A,,,,,,1200,2,D,C,A,PLYMOUTH ST,98TH AV,0,,Y,1/30/14,109,2/22/13,1108,8792,2,5,7,0,0,,0,34X,-,N,,0,0,,,0,,,,N,2,A,-,21453,A,N,A,H,-,A,A,0,Y,D,22,0,0,1,0,0,0,0,0,0,-,-,OAKLAND,ALAMEDA,CA,0,0
5936716,0,0,2013,109,0,1,3,8,0,1,A,,,,,Y,1500,3,C,E,A,16TH ST,33RD,70,,N,2/8/14,109,3/4/13,1327,8119,2,5,7,0,0,,0,23X,-,N,,0,0,,,0,,,,Y,2,A,-,22107,,M,A,H,-,A,A,0,Y,A,1,0,1,0,0,0,0,0,0,0,-,-,OAKLAND,ALAMEDA,CA,0,0
5936712,-122.2760132,37.82237625,2013,109,0,5,4,12,0,2,A,,,,,,1500,3,D,C,A,MARKET ST,32ND ST,0,,Y,2/8/14,109,3/1/13,1248,8824,1,5,7,0,0,,0,06X,-,N,,0,0,,,0,,,,N,2,A,-,22450,A,M,A,H,-,A,A,0,Y,A,1,0,0,2,0,0,0,0,0,0,-,-,OAKLAND,ALAMEDA,CA,0,0
5936708,-122.2587631,37.79804611,2013,109,0,5,4,8,0,1,A,,Y,,,,1800,3,D,G,A,1ST AV,E 12TH ST,0,,Y,2/8/14,109,3/1/13,1500,8390,1,5,7,0,0,,0,19X,-,N,,0,0,,,0,,,,N,2,A,-,22107,,M,A,H,-,A,A,0,Y,A,1,0,0,1,0,0,0,1,0,0,-,-,OAKLAND,ALAMEDA,CA,0,0
5934856,-122.2206228,37.78302383,2013,109,0,6,4,8,0,1,A,,,,,,900,2,B,C,A,FOOTHILL BL,34TH AV,15,E,N,1/31/14,109,2/16/13,749,8698,2,5,7,0,0,,0,23X,-,N,,0,0,,,0,,,,N,2,A,-,22107,,N,A,H,-,A,D,0,Y,D,22,0,0,1,0,0,0,0,0,0,-,-,OAKLAND,ALAMEDA,CA,0,0
5934852,-122.2798332,37.79999542,2013,109,0,6,3,12,0,1,A,,,,,,1500,2,D,C,A,MARTIN LUTHER KING JR WY,5TH ST,0,,Y,10/20/14,109,2/16/13,1345,8023,1,5,7,0,0,,0,01X,-,N,,0,0,,,0,,,,Y,2,A,-,21453,A,N,A,H,-,A,A,0,Y,D,22,0,1,0,0,0,0,0,0,0,-,-,OAKLAND,ALAMEDA,CA,0,0
5934840,-122.1668032,37.73922348,2013,109,0,1,4,3,0,1,A,,,,,,1500,3,C,C,A,105TH AV,INTERNATIONAL BL,0,,Y,2/13/14,109,3/11/13,1225,8367,2,5,7,0,0,,0,32X,-,N,,0,0,,,0,,,,N,2,A,-,22350,,N,A,H,-,A,A,0,Y,D,22,0,0,1,0,0,0,0,0,0,-,-,OAKLAND,ALAMEDA,CA,0,0
5933760,-122.2095731,37.77684402,2013,109,0,3,4,8,0,1,B,,,,,,1200,2,C,E,A,HIGH ST,CARRINGTON,0,,Y,1/27/14,109,2/13/13,908,9110,2,5,7,0,0,,0,27X,-,N,,0,0,,,0,,,,N,2,A,-,22107,,N,A,H,-,A,D,0,Y,D,22,0,0,1,0,0,0,0,0,0,-,-,OAKLAND,ALAMEDA,CA,0,0
5933744,-122.2056719,37.76797485,2013,109,0,5,4,3,0,1,A,,,,,,2100,3,C,C,A,INTERNATIONAL BL,54TH AV,50,W,N,2/5/14,109,3/1/13,1931,8480,2,5,7,0,0,,0,26X,-,N,,0,0,,,0,,,,N,2,A,-,22350,,N,A,H,-,C,A,0,Y,D,22,0,0,1,0,0,0,0,0,0,-,-,OAKLAND,ALAMEDA,CA,0,0
5933706,-122.2212386,37.85349306,2013,109,3,1,3,7,0,2,A,,,,Y,,1500,2,B,C,A,RT 24,CALDECOTT TNL,400,W,N,11/3/14,9370,2/4/13,1410,20215,,2,7,0,1,,2,24,-,Y,ALA,4,24,-,R,5.81,H,-,E,Y,2,A,-,21658,A,N,A,H,-,A,D,0,Y,A,1,0,2,0,0,0,0,0,0,0,-,-,OAKLAND,ALAMEDA,CA,-122.21888,37.85451
5928856,-122.2212386,37.85349306,2013,109,3,7,3,7,0,1,A,,,,,,1500,2,B,C,A,RT 24,CALDECOTT TNL,635,W,N,11/3/14,9370,2/3/13,1313,19160,,1,7,0,1,,2,24,-,Y,ALA,4,24,-,R,5.81,H,-,E,Y,2,A,-,21658,A,N,A,H,-,A,D,0,Y,A,1,0,1,0,0,0,0,0,0,0,-,-,OAKLAND,ALAMEDA,CA,-122.21962,37.85428
5927327,0,0,2013,109,0,5,4,8,0,1,A,,,,,,2100,2,C,E,A,76TH AV,INTERNATIONAL BL,20,S,N,2/1/14,109,2/1/13,1805,8480,2,5,7,0,0,,0,26Y,-,N,,0,0,,,0,,,,N,2,A,-,22107,,N,A,H,-,C,D,0,Y,D,22,0,0,1,0,0,0,0,0,0,-,-,OAKLAND,ALAMEDA,CA,0,0
5927323,-122.2208931,37.77521515,2013,109,0,4,4,8,0,1,A,,Y,,,,2100,2,H,G,A,INTERNATIONAL BL,37TH AV,0,,Y,2/1/14,109,2/21/13,1839,8420,2,5,7,0,0,,0,23X,-,N,,0,0,,,0,,,,N,2,A,-,22107,,N,A,H,-,B,A,0,Y,D,22,0,0,1,0,0,0,1,0,0,-,-,OAKLAND,ALAMEDA,CA,0,0
5927319,-122.2737832,37.84311676,2013,109,0,3,4,9,0,1,A,,,,,,1200,2,D,C,A,ADELINE,58TH ST,0,,N,2/1/14,109,2/27/13,913,9110,1,5,7,0,0,,0,10X,-,N,,0,0,,,0,,,,N,2,A,-,21802,A,N,A,H,-,A,A,0,Y,D,22,0,0,1,0,0,0,0,0,0,-,-,OAKLAND,ALAMEDA,CA,0,0
5927315,-122.2604998,37.85052109,2013,109,0,3,4,3,0,1,A,,,,Y,,1200,1,C,C,A,TELEGRAPH AV,ALCATRAZ AV,120,N,N,1/17/14,109,1/30/13,1145,8203,1,5,7,0,0,,0,12X,-,N,,0,0,,,0,,,,Y,2,A,-,22350,,N,A,H,-,A,A,0,Y,F,26,0,0,1,0,0,0,0,0,0,-,-,OAKLAND,ALAMEDA,CA,0,0
5923957,-122.2566931,37.79376602,2013,109,0,3,2,12,0,1,A,,,,Y,,1500,1,D,C,A,5TH AV,10TH ST,0,,Y,1/21/14,109,1/2/13,1323,8508,1,5,7,0,0,,0,19X,-,N,,0,0,,,0,,,,Y,3,A,-,21453,A,N,A,H,-,A,A,0,Y,F,25,1,0,0,0,0,0,0,0,0,-,-,OAKLAND,ALAMEDA,CA,0,0
5922785,0,0,2013,109,0,1,4,12,0,4,A,,,,,,2100,1,D,C,A,THOMAS L BERKELEY WY,BROADWAY,0,,Y,1/18/14,109,1/7/13,1944,8824,1,5,7,0,0,,0,04X,-,N,,0,0,,,0,,,,N,3,A,-,21453,A,N,A,H,-,C,A,0,Y,A,1,0,0,4,0,0,0,0,0,0,-,-,OAKLAND,ALAMEDA,CA,0,0
5922753,-122.2048831,37.750115,2013,109,1,4,4,9,0,1,A,,,,Y,,1800,2,B,C,A,RT 880,66TH AV,130,S,N,1/14/15,9370,2/14/13,1510,20428,,2,7,0,1,,2,176,-,Y,ALA,4,880,-,-,26.331,R,3,S,Y,2,A,-,21803,A,N,A,H,-,A,D,1,Y,A,1,0,0,1,0,0,0,0,0,0,SO,-,OAKLAND,ALAMEDA,CA,-122.20794,37.75339
5920793,-122.2670415,37.83520508,2013,109,0,5,4,12,0,1,A,,,,,,1500,2,D,C,A,MARTIN LUTHER KING JR WY,47TH ST,100,N,N,4/26/14,109,2/1/13,1445,9073,1,5,7,0,0,,0,10X,-,N,,0,0,,,0,,,,N,2,A,-,21453,A,N,A,H,-,A,A,0,Y,-,-,0,0,1,0,0,0,0,0,0,-,-,OAKLAND,ALAMEDA,CA,0,0
5920781,-122.2278932,37.77347565,2013,109,0,4,2,0,0,1,A,,Y,,Y,,1200,2,H,G,A,FRUITVALE AV,9TH ST,0,,Y,1/29/14,109,2/14/13,1137,8606,1,5,7,0,0,,0,23X,-,N,,0,0,,,0,,,,N,2,D,-,0,,N,A,H,-,A,A,0,Y,-,-,1,0,0,0,0,0,1,0,0,-,-,OAKLAND,ALAMEDA,CA,0,0
5920777,-122.2794631,37.80067444,2013,109,0,7,4,12,0,4,A,,,,,,1500,2,D,C,A,MARTIN LUTHER KING JR WY,6TH ST,0,,Y,7/21/14,109,2/17/13,1335,8316,1,5,7,0,0,,0,03Y,-,N,,0,0,,,0,,,,N,2,A,-,21453,A,N,A,H,-,A,A,0,Y,A,1,0,0,4,0,0,0,0,0,0,-,-,OAKLAND,ALAMEDA,CA,0,0
5919418,-122.2652665,37.82631302,2013,109,0,1,4,6,0,1,A,,,,Y,,1800,2,B,C,A,WEST MACARTHUR BL,TELEGRAPH AV,5,W,N,1/28/14,109,2/4/13,1535,8660,1,5,7,0,0,,0,08X,-,N,,0,0,,,0,,,,N,2,A,-,21755,,N,A,H,-,A,A,0,Y,A,1,0,0,1,0,0,0,0,0,0,-,-,OAKLAND,ALAMEDA,CA,0,0
5918787,-122.2099451,37.75588569,2013,109,1,5,4,7,0,1,A,,,,Y,,1500,2,B,C,A,RT 880,66TH AV,600,N,N,1/20/15,9370,2/8/13,1420,,,2,7,0,1,,2,176,-,Y,ALA,4,880,-,-,26.72,H,-,S,N,3,A,-,21658,A,N,A,H,-,A,D,1,Y,A,1,0,0,1,0,0,0,0,0,0,-,-,OAKLAND,ALAMEDA,CA,-122.1329,37.4619
5918742,-122.2197434,37.7674425,2013,109,1,4,4,18,0,1,A,,,,,,1800,1,C,C,A,RT 880,HIGH ST,600,N,N,12/1/14,9370,1/17/13,1720,18182,,2,7,0,1,,2,176,-,Y,ALA,4,880,-,-,27.74,H,-,S,Y,2,C,-,0,,N,A,D,-,B,D,1,Y,-,-,0,0,1,0,0,0,0,0,0,-,-,OAKLAND,ALAMEDA,CA,-122.22151,37.76964
5918726,-122.2732921,37.82549973,2013,109,1,6,4,18,0,2,A,,,,,,300,2,D,C,A,RT 580,WEST ST,50,E,N,11/19/14,9370,2/2/13,115,20149,,3,7,0,1,,2,55,-,Y,ALA,4,580,-,-,45.38,H,-,W,Y,2,C,-,0,,N,-,H,-,D,D,1,Y,-,-,0,0,2,0,0,0,0,0,0,-,-,OAKLAND,ALAMEDA,CA,-122.27258,37.82538
5916686,-122.2832838,37.84146881,2013,109,0,2,3,11,0,1,A,Y,,,,,1200,2,G,B,D,SAN PABLO AV,STANFORD AV,170,N,N,2/3/14,109,2/5/13,1148,8480,1,5,7,0,0,,0,10X,-,N,,0,0,,,0,,,,N,2,A,-,21954,A,N,A,H,-,A,A,0,Y,N,60,0,1,0,0,1,0,0,0,0,-,-,OAKLAND,ALAMEDA,CA,0,0
5916682,-122.2755331,37.81717682,2013,109,0,2,4,9,0,1,B,,,,,,1500,2,D,C,A,SAN PABLO AV,MILTON ST,0,,Y,1/31/14,109,2/5/13,1324,8709,1,5,7,0,0,,0,07X,-,N,,0,0,,,0,,,,Y,3,A,-,21802,A,N,A,H,-,A,A,0,Y,D,22,0,0,1,0,0,0,0,0,0,-,-,OAKLAND,ALAMEDA,CA,0,0
5916678,-122.2367831,37.79540634,2013,109,0,2,4,12,0,2,B,,,,,,1800,2,D,C,A,14TH AV,E 24TH ST,0,,Y,3/29/14,109,2/5/13,1705,8023,1,5,7,0,0,,0,17X,-,N,,0,0,,,0,,,,Y,2,A,-,21453,A,N,A,H,-,B,A,0,Y,-,-,0,0,2,0,0,0,0,0,0,-,-,OAKLAND,ALAMEDA,CA,0,0
5916417,-122.2096816,37.77355576,2013,109,0,7,3,1,0,1,A,,,,,Y,300,1,E,I,A,46TH AV,FOOTHILL BL,33,S,N,4/5/14,109,1/27/13,125,,,5,7,0,0,,0,,-,N,,0,0,,,0,,,,N,2,A,-,23152,A,F,A,H,-,C,A,0,Y,A,1,0,1,0,0,0,0,0,0,0,-,-,OAKLAND,ALAMEDA,CA,-122.20976,37.77352
5915679,-122.2658232,37.79878616,2013,109,0,5,4,0,0,1,A,Y,,,,,1500,1,G,B,B,10TH ST,MADISON ST,0,,Y,1/17/14,109,1/18/13,1418,8903,1,5,7,0,0,,0,03X,-,N,,0,0,,,0,,,,N,2,D,-,0,,N,A,H,-,A,A,0,Y,-,-,0,0,1,0,1,0,0,0,0,-,-,OAKLAND,ALAMEDA,CA,0,0
5915608,-122.2359842,37.77230453,2013,109,0,6,4,5,0,2,C,,,,,,1800,1,A,C,A,29TH AV,GLASCOCK ST,250,S,N,1/18/14,109,1/5/13,1715,8445,1,5,7,0,0,,0,19X,-,N,,0,0,,,0,,,,Y,2,A,-,21460,A,N,A,H,-,C,D,0,Y,D,22,0,0,2,0,0,0,0,0,0,-,-,OAKLAND,ALAMEDA,CA,0,0
5915199,-122.2512531,37.79494476,2013,109,0,2,4,7,0,2,A,,,,,,2100,1,B,C,A,E 15TH ST,7TH ST,0,,Y,1/17/14,109,1/8/13,1815,8290,1,5,7,0,0,,0,19X,-,N,,0,0,,,0,,,,N,2,A,-,21658,A,N,A,H,-,C,A,0,Y,A,1,0,0,2,0,0,0,0,0,0,-,-,OAKLAND,ALAMEDA,CA,0,0
5915186,-122.195035,37.77135086,2013,109,0,1,4,3,0,1,A,,,,,,1800,1,C,C,A,BANCROFT AV,57TH AV,200,W,N,1/17/14,109,1/14/13,1622,8929,2,5,7,0,0,,0,2TY,-,N,,0,0,,,0,,,,N,2,A,-,22350,,N,A,H,-,A,A,0,Y,A,1,0,0,1,0,0,0,0,0,0,-,-,OAKLAND,ALAMEDA,CA,0,0
5915045,0,0,2013,109,0,7,3,3,0,1,A,,,,,,1800,1,E,I,A,86TH AV,86TH AV 875,0,,N,1/18/14,109,1/27/13,1710,8717,2,5,7,0,0,,0,33X,-,N,,0,0,,,0,,,,N,1,A,-,22350,,F,A,H,-,A,D,0,Y,D,22,0,1,0,0,0,0,0,0,0,-,-,OAKLAND,ALAMEDA,CA,0,0
5915032,-122.2703031,37.80686569,2013,109,0,5,4,-,0,1,A,,,,,,900,1,D,C,A,17TH ST,TELEGRAPH AV,0,,Y,1/18/14,109,1/25/13,715,9091,1,5,7,0,0,,0,04X,-,N,,0,0,,,0,,,,N,3,A,-,0,,N,A,H,-,A,A,0,Y,A,1,0,0,1,0,0,0,0,0,0,-,-,OAKLAND,ALAMEDA,CA,0,0
5915024,-122.2729289,37.8015976,2013,109,0,7,3,22,0,1,A,,Y,,,,1800,1,H,G,A,BROADWAY,10TH ST,9,N,N,1/18/14,109,1/27/13,1628,7591,1,5,7,0,0,,0,03X,-,N,,0,0,,,0,,,,N,2,B,-,0,,N,A,H,-,A,A,0,Y,L,4,0,1,0,0,0,0,1,0,0,-,-,OAKLAND,ALAMEDA,CA,0,0
5913421,-122.2087431,37.77322388,2013,109,0,3,4,12,0,1,E,,,,,,900,2,D,C,A,FOOTHILL BL,47TH AV,0,,Y,2/1/14,109,2/13/13,833,8411,2,5,7,0,0,,0,27X,-,N,,0,0,,,0,,,,N,2,A,-,21453,A,N,A,H,-,A,A,0,Y,D,22,0,0,1,0,0,0,0,0,0,-,-,OAKLAND,ALAMEDA,CA,0,0
5913413,-122.1496047,37.74460983,2013,109,0,2,4,3,0,2,A,,,,,,1800,1,C,C,A,106TH AV,FOOTHILL BL,15,S,N,1/21/14,109,1/29/13,1528,8988,2,5,7,0,0,,0,32Y,-,N,,0,0,,,0,,,,N,2,A,-,22350,,M,A,H,-,A,A,0,Y,A,1,0,0,2,0,0,0,0,0,0,-,-,OAKLAND,ALAMEDA,CA,0,0
5913409,-122.3149005,37.80900574,2013,109,0,2,4,9,0,1,A,,,,,,900,1,D,C,A,MARITIME ST,7TH ST,95,N,N,1/21/14,109,1/29/13,715,8339,1,5,7,0,0,,0,02X,-,N,,0,0,,,0,,,,Y,2,A,-,21801,A,M,A,H,-,A,D,0,Y,A,1,0,0,1,0,0,0,0,0,0,-,-,OAKLAND,ALAMEDA,CA,0,0
5913405,-122.2386857,37.8012886,2013,109,0,7,4,5,0,1,A,Y,,,Y,,1800,2,G,B,E,9TH AV,E 28TH ST,175,S,N,1/29/14,109,2/3/13,1611,8776,1,5,7,0,0,,0,17Y,-,N,,0,0,,,0,,,,N,2,A,-,21650,,F,A,H,-,A,A,0,Y,F,26,0,0,1,0,1,0,0,0,0,-,-,OAKLAND,ALAMEDA,CA,0,0
5913397,-122.2265731,37.77625656,2013,109,0,1,4,8,0,1,A,,,,Y,,1500,2,B,C,A,E 12TH ST,FRUITVALE AV,0,,Y,1/29/14,109,2/11/13,1420,8123,1,5,7,0,0,,0,20X,-,N,,0,0,,,0,,,,N,2,A,-,22100,A,N,A,H,-,A,A,0,Y,F,26,0,0,1,0,0,0,0,0,0,-,-,OAKLAND,ALAMEDA,CA,0,0
5912859,-122.2173039,37.76428199,2013,109,1,4,4,3,0,3,A,,,,,,1800,1,C,C,A,RT 880,HIGH ST,585,S,N,12/1/14,9370,1/10/13,1753,19156,,2,7,0,1,,2,176,-,Y,ALA,4,880,-,-,27.52,H,-,S,Y,2,A,-,22350,,N,A,H,-,C,D,1,Y,D,22,0,0,3,0,0,0,0,0,0,-,-,OAKLAND,ALAMEDA,CA,-122.2194,37.76678
5912828,-122.2171449,37.76440763,2013,109,1,6,3,8,0,1,C,,,,,,2100,1,B,C,A,RT 880,HIGH ST,150,S,N,12/1/14,9370,1/5/13,2037,20206,,2,7,0,1,,2,176,-,Y,ALA,4,880,-,-,27.6,H,-,N,Y,2,A,-,22107,,N,B,H,-,C,D,1,Y,A,1,0,1,0,0,0,0,0,0,0,-,-,OAKLAND,ALAMEDA,CA,-122.13369,37.45552
5912007,-122.2859134,37.82693673,2013,109,1,2,1,11,1,0,A,Y,,,,Y,2100,12,G,B,E,RT 580,HOLLIS ST,0,E,N,5/20/14,9370,12/24/13,2020,19160,,2,7,0,1,,2,55,-,Y,ALA,4,580,-,-,45.98,H,-,W,Y,2,A,-,21954,A,N,A,H,-,D,D,1,Y,N,60,0,0,0,1,0,0,0,0,0,-,-,OAKLAND,ALAMEDA,CA,0,0