CASEID,POINT_X,POINT_Y,YEAR_,LOCATION,CHPTYPE,DAYWEEK,CRASHSEV,VIOLCAT,KILLED,INJURED,WEATHER1,PEDCOL,BICCOL,MCCOL,TRUCKCOL,ETOH,TIMECAT,MONTH_,CRASHTYP,INVOLVE,PED,PRIMARYRD,SECONDRD,DISTANCE,DIRECT,INTERSECT_,PROCDATE,JURIS,DATE_,TIME_,BADGE,JURIDIST,SHIFT,POP,SPECIAL,BEATTYPE,LAPDDIV,BEATCLAS,BEATNUMB,WEATHER2,STATEHW,CALTRANC,CALTRAND,STROUTE,ROUTESUF,POSTPRE,POSTMILE,LOCATYPE,RAMP,SIDEHW,TOWAWAY,PARTIES,PCF,VIOLCODE,VIOL,VIOLSUB,HITRUN,ROADSURF,RDCOND1,RDCOND2,LIGHTING,RIGHTWAY,CHPRDTYP,NOTPRIV,STFAULT,CHPFAULT,SEVINJ,OTHERINJ,COP,PEDKILL,PEDINJ,BICKILL,BICINJ,MCKILL,MCINJURE,RAMP1,RAMP2,CITY,COUNTY,STATE,X_CHP,Y_CHP
6107966,-122.2105995,37.79666919,2013,109,1,2,3,7,0,2,A,,,,,,2100,5,B,C,A,RT 580,COOLIDGE AV,155,W,N,1/22/15,9370,5/7/13,1929,20525,,2,7,0,1,,2,53,-,Y,ALA,4,580,-,R,41.2,H,-,W,Y,3,A,-,21658,A,N,A,H,-,A,D,1,Y,A,1,0,1,1,0,0,0,0,0,0,-,-,OAKLAND,ALAMEDA,CA,-122.21114,37.79692
6109204,-122.2265731,37.77625656,2013,109,0,2,4,3,0,2,A,,,,,,2400,4,C,C,A,FRUITVALE AV,E 12TH ST,0,,Y,2/19/14,109,4/30/13,2313,9092,2,5,7,0,0,,0,23X,-,N,,0,0,,,0,,,,N,2,A,-,22350,,N,A,H,-,C,A,0,Y,A,1,0,0,2,0,0,0,0,0,0,-,-,OAKLAND,ALAMEDA,CA,0,0
6109243,-122.1668831,37.75498581,2013,109,0,3,4,3,0,2,A,,,,,,2100,4,D,C,A,BANCROFT AV,88TH AV,0,,Y,2/18/14,109,4/24/13,1803,9048,2,5,7,0,0,,0,35X,-,N,,0,0,,,0,,,,N,2,A,-,22349,,M,A,H,-,A,A,0,Y,A,1,0,0,2,0,0,0,0,0,0,-,-,OAKLAND,ALAMEDA,CA,0,0
6109247,-122.1902735,37.7606926,2013,109,0,6,4,3,0,1,A,,,,,,1500,4,C,C,A,INTERNATIONAL BL,69TH AV,10,E,N,2/18/14,109,4/20/13,1330,8886,2,5,7,0,0,,0,30Y,-,N,,0,0,,,0,,,,N,2,A,-,22350,,M,A,H,-,A,A,0,Y,D,22,0,0,1,0,0,0,0,0,0,-,-,OAKLAND,ALAMEDA,CA,0,0
6109251,-122.1729432,37.74320602,2013,109,0,2,4,10,0,1,A,Y,,,,,1800,4,G,B,B,98TH AV,A ST,0,,Y,2/18/14,109,4/23/13,1737,8751,2,5,7,0,0,,0,32X,-,N,,0,0,,,0,,,,N,2,A,-,21950,A,M,A,H,-,A,A,0,Y,A,1,0,0,1,0,1,0,0,0,0,-,-,OAKLAND,ALAMEDA,CA,0,0
6109255,-122.2651919,37.82918549,2013,109,0,7,3,3,0,1,A,,Y,,,,2400,4,H,G,A,40TH ST,TELEGRAPH AV,200,W,N,2/18/14,109,4/21/13,2109,8660,1,5,7,0,0,,0,08X,-,N,,0,0,,,0,,,,N,2,A,-,22350,,M,A,H,-,C,A,0,Y,A,1,0,1,0,0,0,0,1,0,0,-,-,OAKLAND,ALAMEDA,CA,0,0
6109259,0,0,2013,109,0,1,3,12,0,1,A,Y,,,,,1200,4,G,B,B,51ST ST,RT 24,0,,Y,2/18/14,109,4/8/13,1120,8113,1,5,7,0,0,,0,11X,-,Y,,0,0,,,0,,,,N,2,A,-,22450,A,N,A,H,-,A,A,0,Y,A,1,0,1,0,0,1,0,0,0,0,-,TO,OAKLAND,ALAMEDA,CA,0,0
6109263,-122.1675331,37.75925446,2013,109,0,5,4,5,0,1,A,,,,,,1800,4,D,C,A,DOWLING ST,84TH AV,0,,Y,2/18/14,109,4/5/13,1500,8585,2,5,7,0,0,,0,35X,-,N,,0,0,,,0,,,,Y,2,A,-,21752,D,N,A,H,-,A,A,0,Y,A,7,0,0,1,0,0,0,0,0,0,-,-,OAKLAND,ALAMEDA,CA,0,0
6109267,-122.2616632,37.82515335,2013,109,0,1,3,9,0,2,A,,,,,,1500,4,D,C,A,WEST MACARTHUR BL,WEBSTER ST,0,,Y,2/18/14,109,4/22/13,1219,7910,1,5,7,0,0,,0,08X,-,N,,0,0,,,0,,,,N,2,A,-,21801,A,N,A,H,-,A,A,0,Y,A,1,0,2,0,0,0,0,0,0,0,-,-,OAKLAND,ALAMEDA,CA,0,0
6109271,-122.2698431,37.83978653,2013,109,0,7,4,11,0,1,A,Y,,,,,900,4,G,B,B,MARTIN LUTHER KING JR WY,55TH ST,0,,Y,2/18/14,109,4/21/13,752,9070,1,5,7,0,0,,0,10X,-,N,,0,0,,,0,,,,N,2,A,-,21456,B,N,A,H,-,A,A,0,Y,N,60,0,0,1,0,1,0,0,0,0,-,-,OAKLAND,ALAMEDA,CA,0,0
6109275,-122.2017931,37.78375626,2013,109,0,2,4,21,0,1,A,,,,,,1500,4,B,C,A,HIGH ST,FLEMING AV,0,,Y,2/18/14,109,4/30/13,1358,8480,2,5,7,0,0,,0,28X,-,N,,0,0,,,0,,,,N,2,A,-,22106,,N,A,H,-,A,A,0,Y,A,1,0,0,1,0,0,0,0,0,0,-,-,OAKLAND,ALAMEDA,CA,0,0
6109279,-122.2353931,37.77280426,2013,109,0,2,4,8,0,1,A,,Y,,,,900,4,C,G,A,29TH AV,GLASCOCK ST,0,,Y,2/19/14,109,4/30/13,800,9048,1,5,7,0,0,,0,20X,-,N,,0,0,,,0,,,,N,2,A,-,22107,,N,A,H,-,A,A,0,Y,A,1,0,0,1,0,0,0,1,0,0,-,-,OAKLAND,ALAMEDA,CA,0,0
6109308,-122.1984967,37.77264404,2013,109,0,5,4,9,0,1,A,,,Y,,,2400,5,D,C,A,FOOTHILL BL,COLE ST,25,E,N,2/28/14,109,5/31/13,2308,9021,2,5,7,0,0,,0,27X,-,N,,0,0,,,0,,,,N,2,A,-,21801,A,N,A,H,-,C,D,0,Y,A,1,0,0,1,0,0,0,0,0,1,-,-,OAKLAND,ALAMEDA,CA,0,0
6109312,-122.2746232,37.82793427,2013,109,0,2,4,8,0,1,A,,,,,,1500,5,D,C,A,WEST MACARTHUR BL,MARKET,0,,Y,2/28/14,109,5/28/13,1455,8410,1,5,7,0,0,,0,05Y,-,N,,0,0,,,0,,,,N,2,A,-,22100,B,N,A,H,-,A,A,0,Y,A,1,0,0,1,0,0,0,0,0,0,-,-,OAKLAND,ALAMEDA,CA,0,0
6109316,-122.2830131,37.80879593,2013,109,0,6,3,22,0,1,A,,Y,,,Y,1500,5,H,G,A,14TH ST,FILBERT ST,0,,Y,2/28/14,109,5/25/13,1328,9048,1,5,7,0,0,,0,05X,-,N,,0,0,,,0,,,,N,2,B,-,0,,N,A,H,-,A,A,0,Y,L,4,0,1,0,0,0,0,1,0,0,-,-,OAKLAND,ALAMEDA,CA,0,0
6109320,-122.2114131,37.77352524,2013,109,0,5,4,9,0,1,A,,,,,,2400,5,A,C,A,BOND ST,45TH AV,0,,Y,1/7/15,109,5/24/13,2158,8222,2,5,7,0,0,,0,27Y,-,N,,0,0,,,0,,,,N,2,A,-,21802,A,N,A,H,-,C,A,0,Y,A,1,0,0,1,0,0,0,0,0,0,-,-,OAKLAND,ALAMEDA,CA,0,0
6109324,-122.2256359,37.85020065,2013,109,0,4,3,8,0,1,A,,,,,,900,5,B,C,A,TUNNEL RD,HILLER DR,300,E,N,2/28/14,109,5/23/13,800,8887,1,5,7,0,0,,0,13Y,-,N,,0,0,,,0,,,,Y,2,A,-,22107,,N,A,H,-,A,D,0,Y,A,1,0,1,0,0,0,0,0,0,0,-,-,OAKLAND,ALAMEDA,CA,0,0
6109328,-122.2646,37.8287468,2013,109,0,7,4,3,0,1,A,,,Y,,Y,1800,5,C,C,A,TELEGRAPH AV,39TH ST,160,N,N,2/28/14,109,5/26/13,1725,8776,1,5,7,0,0,,0,08X,-,N,,0,0,,,0,,,,N,2,A,-,22350,,N,A,H,-,A,D,0,Y,C,2,0,0,1,0,0,0,0,0,1,-,-,OAKLAND,ALAMEDA,CA,0,0
6109340,-122.2080172,37.77288055,2013,109,0,6,4,3,0,1,A,,,,,,1200,5,C,C,A,FOOTHILL BL,48TH AV,100,W,N,2/28/14,109,5/11/13,1150,8920,2,5,7,0,0,,0,27X,-,N,,0,0,,,0,,,,Y,2,A,-,22350,,M,A,H,-,C,A,0,Y,A,7,0,0,1,0,0,0,0,0,0,-,-,OAKLAND,ALAMEDA,CA,0,0
6109344,-122.1955931,37.79684448,2013,109,0,5,4,8,0,1,A,,,,,Y,600,5,A,E,A,WISCONSIN ST,35TH AV,0,,Y,2/28/14,109,5/10/13,300,9034,1,5,7,0,0,,0,22Y,-,N,,0,0,,,0,,,,N,3,A,-,22107,,M,A,H,-,C,D,0,Y,A,1,0,0,1,0,0,0,0,0,0,-,-,OAKLAND,ALAMEDA,CA,0,0
6109348,-122.2603132,37.82650375,2013,109,0,1,4,12,0,1,A,,,,,,1800,5,A,C,A,SHAFTER AV,38TH ST,0,,Y,2/28/14,109,5/20/13,1613,8557,1,5,7,0,0,,0,08X,-,N,,0,0,,,0,,,,N,2,A,-,22450,A,M,A,H,-,A,A,0,Y,-,-,0,0,1,0,0,0,0,0,0,-,-,OAKLAND,ALAMEDA,CA,0,0
6109352,-122.2684831,37.82970428,2013,109,0,4,4,12,0,1,A,,,,,,2100,5,D,C,A,40TH ST,MARTIN LUTHER KING JR WY,0,,Y,2/28/14,109,5/16/13,1905,8397,1,5,7,0,0,,0,10X,-,N,,0,0,,,0,,,,N,2,A,-,21453,A,M,A,H,-,A,A,0,Y,A,1,0,0,1,0,0,0,0,0,0,-,-,OAKLAND,ALAMEDA,CA,0,0
6109534,-122.2860932,37.85010529,2013,109,0,4,4,5,0,1,A,,Y,,,,2100,6,H,G,A,67TH ST,SAN PABLO AV,0,,Y,2/27/14,109,6/6/13,1810,8397,1,5,7,0,0,,0,10X,-,N,,0,0,,,0,,,,N,2,A,-,21650,1,N,A,H,-,A,A,0,Y,L,4,0,0,1,0,0,0,1,0,0,-,-,OAKLAND,ALAMEDA,CA,0,0
6109547,-122.2588231,37.82818604,2013,109,0,7,4,9,0,1,A,,,Y,,,1800,6,D,C,A,40TH ST,OPAL,0,,Y,2/27/14,109,6/2/13,1603,8606,1,5,7,0,0,,0,12X,-,N,,0,0,,,0,,,,N,2,A,-,21802,A,N,A,H,-,A,A,0,Y,A,1,0,0,1,0,0,0,0,0,1,-,-,OAKLAND,ALAMEDA,CA,0,0
6109553,-122.2422631,37.79876328,2013,109,0,1,3,12,0,1,A,,,Y,,,1800,6,D,C,A,9TH AV,E 23RD ST,0,,Y,2/27/14,109,6/3/13,1500,8445,1,5,7,0,0,,0,17Y,-,N,,0,0,,,0,,,,N,2,A,-,22450,A,N,A,H,-,A,A,0,Y,C,3,0,1,0,0,0,0,0,0,1,-,-,OAKLAND,ALAMEDA,CA,0,0
6109557,-122.2658616,37.79872513,2013,109,0,7,3,11,0,2,A,Y,,,,,1800,6,G,B,D,MADISON ST,10TH ST,25,S,N,2/27/14,109,6/2/13,1527,8811,1,5,7,0,0,,0,03X,-,N,,0,0,,,0,,,,N,3,A,-,21954,A,N,A,H,-,A,A,0,Y,N,60,0,2,0,0,2,0,0,0,0,-,-,OAKLAND,ALAMEDA,CA,0,0
6111327,-122.2106282,37.75666809,2013,109,1,4,4,3,0,1,A,,,,,,900,5,C,C,A,RT 880,66TH AV,1215,N,N,3/1/14,9370,5/30/13,815,20506,,1,7,0,1,,2,176,-,Y,,0,0,,,0,,,,Y,4,A,-,22350,,N,A,H,-,A,D,0,Y,A,1,0,0,1,0,0,0,0,0,0,-,-,OAKLAND,ALAMEDA,CA,-122.12381,37.45242
6111415,-122.2915613,37.82762222,2013,109,1,7,4,3,0,2,A,,,,,,1200,5,C,C,A,RT 580,HOLLIS ST,1000,W,N,1/22/15,9370,5/26/13,1105,20235,,1,7,0,1,,2,55,-,Y,ALA,4,580,-,-,46.251,R,1,W,Y,3,A,-,22350,,N,A,H,-,A,D,1,Y,A,1,0,0,2,0,0,0,0,0,0,TO,-,OAKLAND,ALAMEDA,CA,-122.2879,37.8267
6111419,-122.2177289,37.79859506,2013,109,1,7,3,17,0,3,A,,,,,,2100,5,C,C,A,RT 580,FRUITVALE AV,140,W,N,1/22/15,9370,5/26/13,2055,20206,,2,7,0,1,,2,53,-,Y,ALA,4,580,-,R,41.57,H,-,W,Y,2,A,-,22109,,F,A,H,-,C,D,1,Y,A,1,0,1,2,0,0,0,0,0,0,-,-,OAKLAND,ALAMEDA,CA,-122.21933,37.79892
6111423,-122.2332368,37.85158539,2013,109,3,4,4,4,0,1,A,,,,,,1200,5,C,C,A,RT 13,BROADWAY TR,2000,N,N,3/5/14,9370,5/23/13,1050,20235,,1,7,0,1,,2,13,-,Y,,0,0,,,0,,,,N,2,A,-,21703,,N,A,H,-,A,D,0,Y,A,7,0,0,1,0,0,0,0,0,0,-,-,OAKLAND,ALAMEDA,CA,-122.22038,37.83717
6112888,-122.1972438,37.73695755,2013,109,0,2,4,22,0,1,A,,Y,,,,900,4,H,G,A,EDGEWATER DR,HEGENBERGER RD,80,W,N,2/14/14,109,4/23/13,820,8208,2,5,7,0,0,,0,31Y,-,N,,0,0,,,0,,,,N,2,B,-,0,,N,A,H,-,A,D,0,Y,L,4,0,0,1,0,0,0,1,0,0,-,-,OAKLAND,ALAMEDA,CA,0,0
6112896,-122.2273862,37.78087997,2013,109,0,5,4,21,0,1,A,,,,,,2100,5,B,C,A,E 16TH ST,29TH AV,50,E,N,3/3/14,109,5/24/13,1900,9137,1,5,7,0,0,,0,20X,-,N,,0,0,,,0,,,,N,3,A,-,22106,,N,A,H,-,A,D,0,Y,D,22,0,0,1,0,0,0,0,0,0,-,-,OAKLAND,ALAMEDA,CA,0,0
6112947,-122.2697632,37.80898666,2013,109,0,4,4,3,0,1,B,,,,,,1200,6,C,C,A,TELEGRAPH AV,WILLIAM ST,0,,Y,3/1/14,109,6/6/13,910,8235,1,5,7,0,0,,0,04X,-,N,,0,0,,,0,,,,N,2,A,-,22350,,N,A,H,-,A,A,0,Y,A,1,0,0,1,0,0,0,0,0,0,-,-,OAKLAND,ALAMEDA,CA,0,0
6112951,-122.2614396,37.84381485,2013,109,0,1,4,9,0,1,B,,,,,,1200,6,D,C,A,TELEGRAPH AV,58TH ST,70,S,N,3/1/14,109,6/10/13,932,8073,1,5,7,0,0,,0,12Y,-,N,,0,0,,,0,,,,N,2,A,-,21804,A,N,A,H,-,A,D,0,Y,A,1,0,0,1,0,0,0,0,0,0,-,-,OAKLAND,ALAMEDA,CA,0,0
6112959,-122.2639931,37.83084488,2013,109,0,6,3,8,0,1,A,,,,,,900,6,B,E,A,42ND ST,TELEGRAPH AV,0,,Y,3/1/14,109,6/8/13,849,9070,1,5,7,0,0,,0,12X,-,N,,0,0,,,0,,,,N,2,A,-,22107,,N,A,H,-,A,D,0,Y,A,7,0,1,0,0,0,0,0,0,0,-,-,OAKLAND,ALAMEDA,CA,0,0
6112964,-122.1895131,37.77012634,2013,109,0,5,4,6,0,1,A,,,,,,900,3,D,C,A,FORTUNE WY,61ST AV,0,,Y,2/8/14,109,3/29/13,825,8966,2,5,7,0,0,,0,27,-,N,,0,0,,,0,,,,N,2,A,-,21755,,M,A,H,-,A,D,0,Y,A,1,0,0,1,0,0,0,0,0,0,-,-,OAKLAND,ALAMEDA,CA,0,0
6112967,-122.2748132,37.80812454,2013,109,0,1,4,12,0,2,A,,,,,,1800,3,D,C,A,17TH ST,MARTIN LUTHER KING JR WY,0,,Y,2/8/14,109,3/25/13,1701,8506,1,5,7,0,0,,0,4,-,N,,0,0,,,0,,,,Y,2,A,-,21453,A,N,A,H,-,A,A,0,Y,A,1,0,0,2,0,0,0,0,0,0,-,-,OAKLAND,ALAMEDA,CA,0,0
6112968,-122.1757531,37.75436401,2013,109,0,3,4,8,0,1,A,,,,,,1800,3,B,C,A,HOLLY ST,85TH AV,0,,Y,2/8/14,109,3/13/13,1540,8910,2,5,7,0,0,,0,34,-,N,,0,0,,,0,,,,N,2,A,-,22107,,M,A,H,-,A,D,0,Y,A,1,0,0,1,0,0,0,0,0,0,-,-,OAKLAND,ALAMEDA,CA,0,0
6112972,-122.2548025,37.80885315,2013,109,0,7,4,8,0,1,A,,,,,,300,3,B,C,A,GRAND AV,ELLITA AV,70,E,N,2/8/14,109,3/17/13,133,8914,1,5,7,0,0,,0,14,-,N,,0,0,,,0,,,,N,2,A,-,22107,,M,A,H,-,C,A,0,Y,A,1,0,0,1,0,0,0,0,0,0,-,-,OAKLAND,ALAMEDA,CA,0,0
6112988,-122.262929,37.83494568,2013,109,0,7,3,17,0,1,A,,Y,,,,1200,3,H,G,A,TELEGRAPH AV,49TH ST,30,S,N,2/8/14,109,3/24/13,1055,8203,1,5,7,0,0,,0,12,-,N,,0,0,,,0,,,,N,2,A,-,22517,,N,A,H,-,A,D,0,Y,A,1,0,1,0,0,0,0,1,0,0,-,-,OAKLAND,ALAMEDA,CA,0,0
6112997,-122.2616632,37.82515335,2013,109,0,6,4,9,0,1,B,,,,,,1500,3,D,C,A,WEST MACARTHUR BL,WEBSTER ST,0,,Y,2/8/14,109,3/30/13,1230,9073,1,5,7,0,0,,0,8,-,N,,0,0,,,0,,,,N,2,A,-,21801,A,N,A,H,-,A,A,0,Y,A,1,0,0,1,0,0,0,0,0,0,-,-,OAKLAND,ALAMEDA,CA,0,0
6112999,-122.206452,37.80073929,2013,109,0,6,4,3,0,1,A,,,,,,1200,3,E,I,A,COOLIDGE AV,MADELINE ST,96,N,N,2/8/14,109,3/16/13,1111,7940,1,5,7,0,0,,0,22,-,N,,0,0,,,0,,,,Y,1,A,-,22350,,N,A,H,-,A,D,0,Y,A,1,0,0,1,0,0,0,0,0,0,-,-,OAKLAND,ALAMEDA,CA,0,0
6113001,-122.1979431,37.73438644,2013,109,0,6,4,12,0,1,A,,Y,,,,900,3,H,G,A,HEGENBERGER RD,HEGENBERGER LOOP,0,,Y,2/8/14,109,3/30/13,725,8465,2,5,7,0,0,,0,31,-,N,,0,0,,,0,,,,N,2,A,-,21453,A,N,A,H,-,A,D,0,Y,A,8,0,0,1,0,0,0,1,0,0,-,-,OAKLAND,ALAMEDA,CA,0,0
6113011,-122.2553437,37.82655716,2013,109,0,6,4,0,0,1,A,Y,,,,,1200,3,G,B,E,40TH ST WY,HOWE ST,300,W,N,2/8/14,109,3/16/13,1045,9073,1,5,7,0,0,,0,9,-,N,,0,0,,,0,,,,N,2,D,-,0,,N,A,H,-,A,D,0,Y,-,-,0,0,1,0,1,0,0,0,0,-,-,OAKLAND,ALAMEDA,CA,0,0
6113013,-122.1996831,37.744145,2013,109,0,7,4,12,0,1,A,,,,,,2100,3,D,C,A,HEGENBERGER RD,RT 880,0,,Y,1/16/15,109,3/24/13,1835,8751,2,5,7,0,0,,0,31,-,Y,ALA,4,880,-,-,25.678,R,4,S,N,2,A,-,21453,A,N,A,H,-,A,A,0,Y,A,1,0,0,1,0,0,0,0,0,0,-,SF,OAKLAND,ALAMEDA,CA,0,0
6113015,-122.2405231,37.78876495,2013,109,0,5,4,9,0,1,A,,,,,,1200,3,D,C,A,FOOTHILL BL,18TH AV,0,,Y,2/8/14,109,3/22/13,930,8038,1,5,7,0,0,,0,19,-,N,,0,0,,,0,,,,Y,3,A,-,21802,A,N,A,H,-,A,A,0,Y,A,1,0,0,1,0,0,0,0,0,0,-,-,OAKLAND,ALAMEDA,CA,0,0
6113017,-122.1745502,37.76385498,2013,109,0,7,4,3,0,1,A,,,,,Y,2100,3,C,C,A,BANCROFT AV,77TH AV,15,E,N,2/8/14,109,3/24/13,2015,8822,2,5,7,0,0,,0,30,-,N,,0,0,,,0,,,,N,2,A,-,22350,,N,A,H,-,C,A,0,Y,A,1,0,0,1,0,0,0,0,0,0,-,-,OAKLAND,ALAMEDA,CA,0,0
6113021,-122.2199282,37.77482224,2013,109,0,6,4,3,0,1,A,,,,,,900,3,C,C,A,38TH AV,INTERNATIONAL,20,N,N,2/8/14,109,3/30/13,838,8606,1,5,7,0,0,,0,23,-,N,,0,0,,,0,,,,N,2,A,-,22350,,N,A,H,-,A,A,0,Y,A,1,0,0,1,0,0,0,0,0,0,-,-,OAKLAND,ALAMEDA,CA,0,0
6113033,-122.2356304,37.79581833,2013,109,0,1,4,8,0,1,A,,,,,,900,3,E,I,A,14TH AV,25TH ST,20,E,N,2/8/14,109,3/18/13,823,8113,1,5,7,0,0,,0,18,-,N,,0,0,,,0,,,,Y,1,A,-,22107,,N,A,H,-,A,D,0,Y,A,7,0,0,1,0,0,0,0,0,0,-,-,OAKLAND,ALAMEDA,CA,0,0
6113038,-122.2148731,37.7723465,2013,109,0,4,4,9,0,3,A,,,,,,2400,3,D,C,A,INTERNATIONAL BL,HIGH ST,0,,Y,2/8/14,109,3/14/13,2150,8459,2,5,7,0,0,,0,26,-,N,,0,0,,,0,,,,N,2,A,-,21801,A,M,A,H,-,C,A,0,Y,A,1,0,0,3,0,0,0,0,0,0,-,-,OAKLAND,ALAMEDA,CA,0,0
6113074,-122.2708127,37.8204689,2013,109,0,6,4,8,0,1,A,,,,,,1800,5,C,C,A,MARTIN LUTHER KING JR WY,31ST ST,40,S,N,2/26/14,109,5/4/13,1521,8824,1,5,7,0,0,,0,06X,-,N,,0,0,,,0,,,,N,2,A,-,21460,5,N,A,H,-,A,D,0,Y,A,1,0,0,1,0,0,0,0,0,0,-,-,OAKLAND,ALAMEDA,CA,0,0
6113078,-122.2662777,37.82249832,2013,109,0,7,4,3,0,1,A,,,,,,1500,5,C,C,A,TELEGRAPH AV,34TH ST,20,N,N,2/26/14,109,5/5/13,1238,9073,1,5,7,0,0,,0,08X,-,N,,0,0,,,0,,,,N,2,A,-,22350,,N,A,H,-,A,A,0,Y,A,1,0,0,1,0,0,0,0,0,0,-,-,OAKLAND,ALAMEDA,CA,0,0
6113082,-122.2645631,37.8079567,2013,109,0,5,4,3,0,1,A,,Y,,,,1200,5,H,G,A,HARRISON ST,20TH ST,0,,Y,2/26/14,109,5/31/13,1006,8316,1,5,7,0,0,,0,03X,-,N,,0,0,,,0,,,,N,2,A,-,22350,,N,A,H,-,A,A,0,Y,A,7,0,0,1,0,0,0,1,0,0,-,-,OAKLAND,ALAMEDA,CA,0,0
6113120,-122.1984832,37.78547668,2013,109,0,5,4,12,0,2,A,,,,,,1800,6,D,C,A,HIGH ST,SUTER ST,0,,Y,3/3/14,109,6/7/13,1710,8480,2,5,7,0,0,,0,28X,-,N,,0,0,,,0,,,,Y,2,A,-,22450,A,N,A,H,-,A,A,0,Y,A,1,0,0,2,0,0,0,0,0,0,-,-,OAKLAND,ALAMEDA,CA,0,0
6113121,-122.2917931,37.81085587,2013,109,0,5,4,12,0,2,A,,,,,,2100,6,D,C,A,14TH ST,MANDELA PKWY,0,,Y,4/3/14,109,6/7/13,1915,8444,1,5,7,0,0,,0,02X,-,N,,0,0,,,0,,,,N,2,A,-,21453,A,N,A,H,-,A,A,0,Y,-,-,0,0,2,0,0,0,0,0,0,-,-,OAKLAND,ALAMEDA,CA,0,0
6113125,-122.2279211,37.7734108,2013,109,0,5,4,7,0,1,A,,,,,,1500,6,B,C,A,FRUITVALE AV,E 9TH ST,25,S,N,3/3/14,109,6/7/13,1225,8631,2,5,7,0,0,,0,23X,-,N,,0,0,,,0,,,,N,2,A,-,21658,A,N,A,H,-,A,A,0,Y,A,1,0,0,1,0,0,0,0,0,0,-,-,OAKLAND,ALAMEDA,CA,0,0
6113129,-122.2735732,37.83745575,2013,109,0,6,4,12,0,1,A,,,,,,1200,6,D,C,A,MARKET ST,53RD ST,0,,Y,3/3/14,109,6/8/13,1141,9073,1,5,7,0,0,,0,10X,-,N,,0,0,,,0,,,,N,2,A,-,22450,A,N,A,H,-,A,A,0,Y,A,7,0,0,1,0,0,0,0,0,0,-,-,OAKLAND,ALAMEDA,CA,0,0
6113133,-122.2703431,37.81539536,2013,109,0,5,4,9,0,3,A,,,,,,1800,6,D,C,A,NORTHGATE AV,SYCAMORE ST,0,,Y,3/3/14,109,6/7/13,1520,8397,1,5,7,0,0,,0,08X,-,N,,0,0,,,0,,,,N,2,A,-,21801,A,N,A,H,-,A,A,0,Y,A,1,0,0,3,0,0,0,0,0,0,-,-,OAKLAND,ALAMEDA,CA,0,0
6113530,-122.1768807,37.7413063,2013,109,0,3,2,3,0,1,A,Y,,,,,2400,5,G,B,F,98TH AV,E ST,8,N,N,3/1/14,109,5/22/13,2138,9109,2,5,7,0,0,,0,32X,-,N,,0,0,,,0,,,,N,2,A,-,22350,,F,A,H,-,C,A,0,Y,A,1,1,0,0,0,1,0,0,0,0,-,-,OAKLAND,ALAMEDA,CA,0,0
6113534,-122.2404966,37.79465103,2013,109,0,7,4,0,0,3,A,Y,,,,,2400,5,B,E,E,13TH AV,E 21ST ST,100,N,N,2/27/14,109,5/19/13,2113,8619,1,5,7,0,0,,0,17X,-,N,,0,0,,,0,,,,N,3,D,-,0,,N,A,H,-,D,D,0,Y,-,-,0,0,3,0,1,0,0,0,0,-,-,OAKLAND,ALAMEDA,CA,0,0
6113538,-122.2190508,37.79317474,2013,109,0,3,3,3,0,1,A,,,,,,1800,5,C,C,A,FRUITVALE AV,BROOKDALE AV,50,N,N,2/26/14,109,5/15/13,1612,8936,1,5,7,0,0,,0,21X,-,N,,0,0,,,0,,,,N,2,A,-,22350,,N,A,H,-,A,D,0,Y,A,1,0,1,0,0,0,0,0,0,0,-,-,OAKLAND,ALAMEDA,CA,0,0
6113542,-122.1589027,37.75000763,2013,109,0,6,3,18,0,1,A,,,,,Y,300,5,A,I,A,MACARTHUR BL,98TH AV,30,W,N,2/28/14,109,5/4/13,147,8920,2,5,7,0,0,,0,32Y,-,N,,0,0,,,0,,,,N,1,C,-,0,,N,A,H,-,C,D,0,Y,-,-,0,1,0,0,0,0,0,0,0,-,-,OAKLAND,ALAMEDA,CA,0,0
6113546,-122.1629374,37.74967957,2013,109,0,4,4,3,0,1,A,,,,,,1500,5,C,C,A,BANCROFT AV,96TH AV,32,E,N,2/28/14,109,5/2/13,1449,9135,2,5,7,0,0,,0,35X,-,N,,0,0,,,0,,,,N,3,A,-,22350,,N,A,H,-,A,D,0,Y,A,1,0,0,1,0,0,0,0,0,0,-,-,OAKLAND,ALAMEDA,CA,0,0
6113603,-122.2790331,37.80137634,2013,109,0,2,4,12,0,4,B,,,,,,1800,6,D,C,A,7TH ST,MARTIN LUTHER KING JR WY,0,,Y,3/3/14,109,6/4/13,1510,8929,1,5,7,0,0,,0,03Y,-,N,,0,0,,,0,,,,N,2,A,-,21453,A,N,A,H,-,A,A,0,Y,A,1,0,0,4,0,0,0,0,0,0,-,-,OAKLAND,ALAMEDA,CA,0,0
6113607,-122.2628821,37.8351059,2013,109,0,3,4,22,0,1,A,,Y,,,,1800,6,H,G,A,TELEGRAPH AV,49TH ST,30,N,N,3/3/14,109,6/5/13,1527,8955,1,5,7,0,0,,0,12X,-,N,,0,0,,,0,,,,N,2,B,-,0,,N,A,H,-,A,D,0,Y,L,4,0,0,1,0,0,0,1,0,0,-,-,OAKLAND,ALAMEDA,CA,0,0