CASEID,POINT_X,POINT_Y,YEAR_,LOCATION,CHPTYPE,DAYWEEK,CRASHSEV,VIOLCAT,KILLED,INJURED,WEATHER1,PEDCOL,BICCOL,MCCOL,TRUCKCOL,ETOH,TIMECAT,MONTH_,CRASHTYP,INVOLVE,PED,PRIMARYRD,SECONDRD,DISTANCE,DIRECT,INTERSECT_,PROCDATE,JURIS,DATE_,TIME_,BADGE,JURIDIST,SHIFT,POP,SPECIAL,BEATTYPE,LAPDDIV,BEATCLAS,BEATNUMB,WEATHER2,STATEHW,CALTRANC,CALTRAND,STROUTE,ROUTESUF,POSTPRE,POSTMILE,LOCATYPE,RAMP,SIDEHW,TOWAWAY,PARTIES,PCF,VIOLCODE,VIOL,VIOLSUB,HITRUN,ROADSURF,RDCOND1,RDCOND2,LIGHTING,RIGHTWAY,CHPRDTYP,NOTPRIV,STFAULT,CHPFAULT,SEVINJ,OTHERINJ,COP,PEDKILL,PEDINJ,BICKILL,BICINJ,MCKILL,MCINJURE,RAMP1,RAMP2,CITY,COUNTY,STATE,X_CHP,Y_CHP
6136403,-122.2479114,37.81006241,2013,109,1,3,3,7,0,2,-,,,,,,2400,7,D,C,A,RT 580,GRAND AV,230,E,N,3/11/14,9370,7/3/13,2356,20145,,3,7,0,1,,2,54,-,Y,,0,0,,,0,,,,Y,2,A,-,21658,A,N,A,H,-,C,D,0,Y,A,1,0,1,1,0,0,0,0,0,0,-,-,OAKLAND,ALAMEDA,CA,-122.14534,37.48374
6136410,0,0,2013,109,1,3,4,4,0,1,B,,,Y,,,900,5,C,C,A,RT 580,MANDELA PKWY,1850,W,N,2/26/14,9370,5/15/13,609,18579,,1,7,0,1,,2,55,-,Y,,0,0,,,0,,,,Y,2,A,-,21703,,N,A,H,-,A,D,0,Y,C,2,0,0,1,0,0,0,0,0,1,TO,-,OAKLAND,ALAMEDA,CA,-122.49394,37.17445
6136415,-122.3032068,37.86428452,2013,109,1,5,4,3,0,1,A,,,,,,1800,7,C,C,A,RT 80,UNIVERSITY AV,940,E,N,3/11/14,9370,7/5/13,1610,20459,,2,7,0,1,,2,81,-,Y,,0,0,,,0,,,,Y,2,A,-,22350,,N,A,H,-,A,D,0,Y,A,1,0,0,1,0,0,0,0,0,0,-,-,OAKLAND,ALAMEDA,CA,-122.18168,37.52958
6136419,-122.2643966,37.79376984,2013,109,1,6,4,7,0,3,A,,,,,,1500,7,D,C,A,RT 880,OAK ST,812,S,N,3/11/14,9370,7/6/13,1220,19985,,1,7,0,1,,2,177,-,Y,,0,0,,,0,,,,Y,3,A,-,21658,A,N,A,H,-,A,D,0,Y,A,7,0,0,3,0,0,0,0,0,0,-,-,OAKLAND,ALAMEDA,CA,-122.15515,37.47378
6136422,-122.2396838,37.84986496,2013,109,3,2,3,7,0,1,A,,,Y,,,1800,5,B,C,A,RT 24,GOLDEN GATE AV,75,E,N,2/26/14,9370,5/28/13,1648,19160,,2,7,0,1,,2,25,-,Y,,0,0,,,0,,,,N,2,A,-,21658,A,F,A,H,-,A,D,0,Y,A,1,0,1,0,0,0,0,0,0,1,-,-,OAKLAND,ALAMEDA,CA,-122.23963,37.84984
6136509,-122.2671131,37.79672623,2013,109,0,5,3,12,0,3,A,,,,,,2400,5,D,C,A,7TH ST,MADISON ST,0,,Y,2/26/14,109,5/31/13,2139,8903,1,5,7,0,0,,0,03X,-,N,,0,0,,,0,,,,N,2,A,-,21453,A,N,A,H,-,C,A,0,Y,A,1,0,1,2,0,0,0,0,0,0,-,-,OAKLAND,ALAMEDA,CA,0,0
6136513,-122.1745832,37.7638855,2013,109,0,4,4,12,0,1,A,Y,,,,,2100,5,G,C,B,77TH AV,BANCROFT AV,0,,Y,2/26/14,109,5/30/13,2049,8964,2,5,7,0,0,,0,30Y,-,N,,0,0,,,0,,,,N,3,A,-,21453,A,M,A,H,-,C,A,0,Y,A,8,0,0,1,0,1,0,0,0,0,-,-,OAKLAND,ALAMEDA,CA,0,0
6136545,0,0,2013,109,0,5,4,3,0,1,A,,,,,,2100,4,E,I,A,ASCOT CT,ASCOT DR,528,S,N,2/13/14,109,4/26/13,2014,8339,1,5,7,0,0,,0,13Z,-,N,,0,0,,,0,,,,Y,2,A,-,22350,,N,A,H,-,C,D,0,Y,A,7,0,0,1,0,0,0,0,0,0,-,-,OAKLAND,ALAMEDA,CA,0,0
6136549,-122.1792429,37.73207855,2013,109,0,4,3,5,0,1,A,,Y,,,,1500,4,H,G,A,105TH AV,JUNE CT,40,N,N,2/13/14,109,4/25/13,1400,8480,2,5,7,0,0,,0,31Z,-,N,,0,0,,,0,,,,N,2,A,-,21202,A,M,A,H,-,A,A,0,Y,L,4,0,1,0,0,0,0,1,0,0,-,-,OAKLAND,ALAMEDA,CA,0,0
6137121,-122.2762827,37.80035019,2013,109,0,5,4,21,0,1,A,,,,,,1500,4,B,C,A,7TH ST,CLAY ST,114,E,N,2/15/14,109,4/12/13,1230,9131,1,5,7,0,0,,0,03X,-,N,,0,0,,,0,,,,N,2,A,-,22106,,N,A,H,-,A,A,0,Y,A,1,0,0,1,0,0,0,0,0,0,-,-,OAKLAND,ALAMEDA,CA,0,0
6137285,0,0,2013,109,1,5,3,3,0,1,A,,,,,,1500,7,C,C,A,RT 80,SF/ALA CO LINE,500,E,N,3/12/14,9335,7/12/13,1420,13738,,2,7,0,1,,2,84,-,Y,,0,0,,,0,,,,Y,2,A,-,22350,,N,A,H,-,A,D,0,Y,A,1,0,1,0,0,0,0,0,0,0,-,-,OAKLAND,ALAMEDA,CA,0,0
6137408,-122.2760402,37.81873322,2013,109,0,2,4,3,0,8,A,,,,,,1800,7,C,C,A,SAN PABLO AV,28TH ST,50,S,N,3/24/14,109,7/2/13,1551,8894,1,5,7,0,0,,0,06X,-,N,,0,0,,,0,,,,Y,3,A,-,22350,,N,A,H,-,A,D,0,Y,A,1,0,0,8,0,0,0,0,0,0,-,-,OAKLAND,ALAMEDA,CA,0,0
6137424,-122.1666831,37.74268341,2013,109,0,2,3,12,0,1,A,,,,,,1800,6,B,C,A,WALNUT ST,101ST AV,0,,Y,3/10/14,109,6/4/13,1740,8717,2,5,7,0,0,,0,32X,-,N,,0,0,,,0,,,,Y,3,A,-,22450,,M,A,H,-,A,A,0,Y,A,7,0,1,0,0,0,0,0,0,0,-,-,OAKLAND,ALAMEDA,CA,0,0
6137523,-122.2704315,37.80622482,2013,109,0,7,3,8,0,1,A,,,Y,,,1500,5,B,C,A,TELEGRAPH AV,16TH ST,40,N,N,3/18/14,109,5/12/13,1441,8824,1,5,7,0,0,,0,4,-,N,,0,0,,,0,,,,N,2,A,-,22107,,N,A,H,-,A,A,0,Y,C,2,0,1,0,0,0,0,0,0,1,-,-,OAKLAND,ALAMEDA,CA,0,0
6137526,-122.1760603,37.75630188,2013,109,0,6,2,8,0,2,A,,,Y,,,1200,6,D,-,A,83RD AV,PLYMOUTH ST,300,S,N,3/7/14,109,6/29/13,1045,8465,2,5,7,0,0,,0,34X,-,N,,0,0,,,0,,,,N,2,A,-,22107,,F,A,H,-,A,D,0,Y,A,7,1,0,1,0,0,0,0,0,2,-,-,OAKLAND,ALAMEDA,CA,0,0
6138361,-122.1879443,37.730793,2013,109,1,1,4,3,0,1,A,,,,Y,,1500,7,C,C,A,RT 880,98TH AV,400,S,N,3/20/14,9370,7/8/13,1225,19561,,1,7,0,1,,2,176,-,Y,,0,0,,,0,,,,N,3,A,-,22350,,N,A,H,-,A,D,0,Y,F,27,0,0,1,0,0,0,0,0,0,TO,-,OAKLAND,ALAMEDA,CA,-122.18702,37.73155
6138364,-122.2182069,37.76541138,2013,109,1,3,4,3,0,1,A,,,,Y,,1200,7,C,C,A,RT 880,HIGH ST,1200,S,N,3/20/14,9370,7/10/13,950,19561,,1,7,0,1,,2,176,-,Y,,0,0,,,0,,,,N,3,A,-,22350,,N,A,H,-,A,D,0,Y,G,25,0,0,1,0,0,0,0,0,0,-,-,OAKLAND,ALAMEDA,CA,-122.20965,37.75542
6138768,0,0,2013,109,0,3,3,1,0,1,A,,,Y,,,2100,6,E,I,A,12TH ST,PINE ST,20,W,N,4/5/14,109,6/19/13,2035,,,5,7,0,0,,0,,-,N,,0,0,,,0,,,,Y,1,A,-,23152,A,M,A,H,-,A,D,0,Y,C,2,0,1,0,0,0,0,0,0,1,-,-,OAKLAND,ALAMEDA,CA,-122.39951,37.81258
6138772,0,0,2013,109,1,3,4,7,0,1,A,,,Y,,,1800,6,F,I,A,RT 80,BEACH ST,600,W,N,1/22/15,9370,6/12/13,1545,18182,,2,7,0,1,,2,8,-,Y,ALA,4,880,-,R,35.471,R,2,S,N,2,A,-,21658,A,N,A,H,-,A,D,1,Y,A,8,0,0,1,0,0,0,0,0,1,-,-,OAKLAND,ALAMEDA,CA,0,0
6138939,-122.1714911,37.7457962,2013,109,0,2,4,3,0,1,A,,,,,,1800,4,D,E,A,96TH AV,INTERNATIONAL BL,44,N,N,2/14/14,109,4/30/13,1615,9126,2,5,7,0,0,,0,34X,-,N,,0,0,,,0,,,,N,2,A,-,22350,,N,A,H,-,A,A,0,Y,A,1,0,0,1,0,0,0,0,0,0,-,-,OAKLAND,ALAMEDA,CA,0,0
6140496,-122.2300131,37.77983475,2013,109,0,5,4,9,0,1,A,,,,,,1800,6,B,C,A,INTERNATIONAL BL,28TH AV,0,,Y,3/6/14,109,6/28/13,1738,9130,1,5,7,0,0,,0,20X,-,N,,0,0,,,0,,,,N,2,A,-,21802,A,N,A,H,-,A,A,0,Y,A,1,0,0,1,0,0,0,0,0,0,-,-,OAKLAND,ALAMEDA,CA,0,0
6140531,-122.1846848,37.79839706,2013,109,0,2,3,3,0,1,B,,,,,,1200,6,E,I,A,REDWOOD RD,MOUNTAIN BL,10,N,N,3/6/14,109,6/25/13,1013,8997,2,5,7,0,0,,0,25X,C,N,,0,0,,,0,,,,N,1,A,-,22350,,N,B,H,-,A,D,0,Y,D,22,0,1,0,0,0,0,0,0,0,-,-,OAKLAND,ALAMEDA,CA,0,0
6140535,-122.2054777,37.7678833,2013,109,0,7,3,3,0,1,A,,,,,,1500,6,C,C,A,INTERNATIONAL BL,54TH AV,15,E,N,3/6/14,109,6/16/13,1249,8683,2,5,7,0,0,,0,27X,-,N,,0,0,,,0,,,,Y,2,A,-,22350,,N,A,H,-,A,A,0,Y,A,1,0,1,0,0,0,0,0,0,0,-,-,OAKLAND,ALAMEDA,CA,0,0
6140539,-122.2786931,37.81443405,2013,109,0,1,3,10,0,1,B,Y,,,,,1200,6,G,B,B,W GRAND AV,MARKET ST,0,,Y,3/6/14,109,6/10/13,1129,8051,1,5,7,0,0,,0,07X,-,N,,0,0,,,0,,,,N,2,A,-,21950,A,N,A,H,-,A,A,0,Y,D,22,0,1,0,0,1,0,0,0,0,-,-,OAKLAND,ALAMEDA,CA,0,0
6141250,-122.229947,37.7797966,2013,109,0,7,3,3,0,7,A,,,,,,1800,7,D,C,A,INTERNATIONAL BL,28TH AV,24,S,N,3/11/14,109,7/7/13,1652,8445,1,5,7,0,0,,0,20X,-,N,,0,0,,,0,,,,Y,2,A,-,22350,,F,A,H,-,A,D,0,Y,A,1,0,2,5,0,0,0,0,0,0,-,-,OAKLAND,ALAMEDA,CA,0,0
6141254,-122.1688331,37.75762558,2013,109,0,2,4,12,0,1,A,,,Y,,,2100,7,D,C,A,BANCROFT AV,85TH AV,0,,Y,3/11/14,109,7/2/13,1930,9148,2,5,7,0,0,,0,35X,-,N,,0,0,,,0,,,,N,2,A,-,22450,A,M,D,H,-,A,A,0,Y,C,6,0,0,1,0,0,0,0,0,0,-,-,OAKLAND,ALAMEDA,CA,0,0
6141258,-122.1821543,37.76279831,2013,109,0,3,4,1,0,1,A,Y,,,,Y,2400,7,C,C,E,WELD ST,73RD AV,75,W,N,3/17/14,109,7/3/13,2257,9127,2,5,7,0,0,,0,30X,-,N,,0,0,,,0,,,,N,3,A,-,23152,A,F,A,H,-,C,D,0,Y,A,7,0,0,1,0,1,0,0,0,0,-,-,OAKLAND,ALAMEDA,CA,0,0
6141262,-122.2786855,37.81446075,2013,109,0,3,4,3,0,1,A,,,,,,1500,7,C,C,A,MARKET ST,WEST GRAND AV,10,N,N,3/17/14,109,7/3/13,1315,8051,1,5,7,0,0,,0,07X,-,N,,0,0,,,0,,,,N,2,A,-,22350,,N,A,H,-,A,A,0,Y,A,1,0,0,1,0,0,0,0,0,0,-,-,OAKLAND,ALAMEDA,CA,0,0
6141379,-122.1809131,37.73830414,2013,109,0,5,3,9,0,2,A,,,,,,2400,4,D,C,A,98TH AV,PEARMAIN ST,0,,Y,2/12/14,109,4/12/13,2220,8508,2,5,7,0,0,,0,31X,-,N,,0,0,,,0,,,,Y,2,A,-,21802,A,N,A,H,-,C,A,0,Y,A,1,0,1,1,0,0,0,0,0,0,-,-,OAKLAND,ALAMEDA,CA,0,0
6141656,0,0,2013,109,1,4,4,3,0,1,A,,,,,,1200,7,C,C,A,RT 80,TOLL PLZ,3960,W,N,3/12/14,9335,7/11/13,1030,13738,,1,7,0,1,,1,82,-,Y,,0,0,,,0,,,,Y,4,A,-,22350,,N,A,H,-,A,D,0,Y,A,1,0,0,1,0,0,0,0,0,0,-,-,OAKLAND,ALAMEDA,CA,0,0
6142565,-122.2556516,37.78942871,2013,109,1,2,4,-,0,1,A,,,,,,2100,7,B,C,A,RT 880,5TH AV,1320,S,N,4/14/14,9370,7/9/13,1935,20633,,2,7,0,1,,2,177,-,Y,,0,0,,,0,,,,Y,2,A,-,0,,N,A,H,-,A,D,0,Y,A,1,0,0,1,0,0,0,0,0,0,-,-,OAKLAND,ALAMEDA,CA,-122.25961,37.70953
6142569,-122.303871,37.82413483,2013,109,1,7,4,3,0,2,A,,,,,,1500,7,C,C,A,RT 880,MARITIME ST,1130,N,N,4/14/14,9370,7/7/13,1220,20356,,1,7,0,1,,2,178,-,Y,,0,0,,,0,,,,N,2,A,-,22350,,N,A,H,-,A,D,0,Y,A,1,0,0,2,0,0,0,0,0,0,-,-,OAKLAND,ALAMEDA,CA,-122.17595,37.48532
6143096,-122.2164987,37.83198929,2013,109,3,1,4,7,0,1,A,,,,,,1200,6,C,C,A,RT 13,MORAGA AV,300,S,N,3/6/14,9370,6/3/13,905,20657,,1,7,0,1,,2,13,-,Y,,0,0,,,0,,,,N,2,A,-,21658,A,M,A,H,-,A,D,0,Y,A,7,0,0,1,0,0,0,0,0,0,-,-,OAKLAND,ALAMEDA,CA,-122.12472,37.49441
6144247,-122.2871832,37.81619644,2013,109,0,4,3,12,0,2,A,,,,,,2100,6,D,C,A,GRAND AV,POPLAR ST,0,,Y,3/6/14,109,6/20/13,1930,7726,1,5,7,0,0,,0,05X,-,N,,0,0,,,0,,,,N,2,A,-,21453,A,N,A,H,-,A,A,0,Y,A,1,0,1,1,0,0,0,0,0,0,-,-,OAKLAND,ALAMEDA,CA,0,0
6144331,0,0,2013,109,1,1,4,3,0,2,B,,,,,,1200,7,C,C,A,RT 80,SFOBB TP,150,W,N,3/13/14,9335,7/22/13,1103,13058,,1,7,0,1,,1,82,-,Y,,0,0,,,0,,,,Y,2,A,-,22350,,N,A,H,-,A,D,0,Y,A,1,0,0,2,0,0,0,0,0,0,-,-,OAKLAND,ALAMEDA,CA,0,0
6144363,0,0,2013,109,0,2,4,8,0,1,A,,,,,,2400,7,D,C,A,MIDDLE HARBOR RD,MARITIME ST,1584,W,N,3/13/14,109,7/16/13,2330,7644,1,5,7,0,0,,0,02X,-,N,,0,0,,,0,,,,N,2,A,-,22107,,F,A,H,-,C,D,0,Y,A,1,0,0,1,0,0,0,0,0,0,-,-,OAKLAND,ALAMEDA,CA,0,0
6144367,-122.1672431,37.74589539,2013,109,0,5,4,0,0,1,A,,,,,,1200,7,D,C,A,98TH AV,PLYMOUTH ST,0,S,Y,4/12/14,109,7/19/13,1015,1085,,5,7,0,0,,0,1,-,N,,0,0,,,0,,,,N,2,A,-,20001,A,F,A,H,-,A,A,0,Y,-,-,0,0,1,0,0,0,0,0,0,-,-,OAKLAND,ALAMEDA,CA,0,0
6145368,-122.2767732,37.79793549,2013,109,0,7,3,9,0,1,A,,,,,,1500,5,D,C,A,WASHINGTON ST,4TH ST,0,,Y,2/24/14,109,5/12/13,1220,8734,1,5,7,0,0,,0,01X,-,N,,0,0,,,0,,,,Y,2,A,-,21802,A,N,A,H,-,A,D,0,Y,A,1,0,1,0,0,0,0,0,0,0,-,-,OAKLAND,ALAMEDA,CA,0,0
6145509,-122.1913431,37.77087402,2013,109,0,2,4,0,0,1,B,,,,,,900,5,D,C,A,BANCROFT AV,SEMINARY AV,0,,Y,2/27/14,109,5/28/13,700,8847,2,5,7,0,0,,0,27Y,-,N,,0,0,,,0,,,,N,2,D,-,0,,N,B,H,-,A,A,0,Y,-,-,0,0,1,0,0,0,0,0,0,-,-,OAKLAND,ALAMEDA,CA,0,0
6145513,-122.1783232,37.73330307,2013,109,0,1,4,8,0,1,A,,,,,,2100,5,D,D,A,105TH AV,EDES AV,0,,Y,2/27/14,109,5/13/13,1803,9117,2,5,7,0,0,,0,31Z,-,N,,0,0,,,0,,,,N,3,A,-,22107,,N,A,H,-,A,A,0,Y,A,1,0,0,1,0,0,0,0,0,0,-,-,OAKLAND,ALAMEDA,CA,0,0
6145532,-122.2007603,37.75681305,2013,109,0,5,4,3,0,1,A,,,,,,1500,7,C,C,A,SAN LEANDRO ST,66TH AV,10,E,N,3/14/14,109,7/5/13,1414,9137,2,5,7,0,0,,0,26Y,-,N,,0,0,,,0,,,,N,2,A,-,22350,,N,A,H,-,A,A,0,Y,D,22,0,0,1,0,0,0,0,0,0,-,-,OAKLAND,ALAMEDA,CA,0,0
6145536,-122.2834432,37.80140305,2013,109,0,1,4,9,0,1,A,,,,,,1500,7,D,C,A,5TH ST,MARKET ST,0,,Y,3/14/14,109,7/8/13,1435,7766,1,5,7,0,0,,0,02X,-,N,,0,0,,,0,,,,N,2,A,-,21801,A,N,A,H,-,A,A,0,Y,D,22,0,0,1,0,0,0,0,0,0,-,-,OAKLAND,ALAMEDA,CA,0,0
6145540,-122.2172332,37.78863525,2013,109,0,5,4,10,0,1,A,Y,,,,,900,5,G,B,B,COOLIDGE AV,DAVIS ST,0,,Y,2/27/14,109,5/31/13,751,8096,1,5,7,0,0,,0,21X,-,N,,0,0,,,0,,,,N,2,A,-,21950,A,N,A,H,-,A,D,0,Y,D,22,0,0,1,0,1,0,0,0,0,-,-,OAKLAND,ALAMEDA,CA,0,0
6146404,-122.1758308,37.76961136,2013,109,0,1,4,9,0,1,A,,,,,,1200,7,D,C,A,FOOTHILL BL,69TH AV,30,E,N,3/18/14,109,7/8/13,912,8483,2,5,7,0,0,,0,29X,-,N,,0,0,,,0,,,,N,2,A,-,21801,A,N,A,H,-,A,A,0,Y,A,7,0,0,1,0,0,0,0,0,0,-,-,OAKLAND,ALAMEDA,CA,0,0
6146408,0,0,2013,109,0,4,2,3,0,1,A,,,,,,2400,7,E,I,A,NEY AV,82ND AV,58,E,N,3/18/14,109,7/11/13,2235,9127,2,5,7,0,0,,0,35X,-,N,,0,0,,,0,,,,Y,1,A,-,22350,,N,A,H,-,C,A,0,Y,A,1,1,0,0,0,0,0,0,0,0,-,-,OAKLAND,ALAMEDA,CA,0,0
6146412,-122.2009462,37.72413635,2013,109,0,2,4,12,0,1,A,,,,,,1200,7,B,C,A,98TH AV,AIRPORT ACCESS RD,28,S,N,3/18/14,109,7/2/13,1155,7715,2,5,7,0,0,,0,31Y,-,N,,0,0,,,0,,,,Y,2,A,-,21453,A,M,A,H,-,A,A,0,Y,A,1,0,0,1,0,0,0,0,0,0,-,-,OAKLAND,ALAMEDA,CA,0,0
6146420,-122.186303,37.79878616,2013,109,0,7,4,9,0,1,A,,,,,,900,6,D,C,A,REDWOOD RD,MOUNTAIN BL,500,N,N,3/6/14,109,6/30/13,817,8966,2,5,7,0,0,,0,25Y,-,N,,0,0,,,0,,,,N,2,A,-,21804,A,N,A,H,-,A,D,0,Y,A,1,0,0,1,0,0,0,0,0,0,-,-,OAKLAND,ALAMEDA,CA,0,0
6146424,-122.2690332,37.81181335,2013,109,0,7,4,12,0,1,A,,,,,,1500,6,D,-,A,TELEGRAPH AV,WEST GRAND,0,,Y,3/29/14,109,6/30/13,1212,8815,1,5,7,0,0,,0,03Y,-,N,,0,0,,,0,,,,N,2,A,-,21453,A,N,A,H,-,A,A,0,Y,A,1,0,0,1,0,0,0,0,0,0,-,-,OAKLAND,ALAMEDA,CA,0,0
6146428,-122.2690489,37.82740402,2013,109,0,2,4,8,0,1,B,,Y,,,,2100,6,H,G,A,MARTIN LUTHER KING JR WY,WEST MACARTHUR BL,111,N,N,3/6/14,109,6/25/13,1822,9111,1,5,7,0,0,,0,06X,-,N,,0,0,,,0,,,,N,2,A,-,22107,,N,A,H,-,A,D,0,Y,L,4,0,0,1,0,0,0,1,0,0,-,-,OAKLAND,ALAMEDA,CA,0,0
6146432,-122.2476662,37.8111763,2013,109,0,2,4,3,0,1,C,,,,,,1500,6,E,I,A,LAKE PARK AV,WALKER AV,20,W,N,3/6/14,109,6/25/13,1320,9034,1,5,7,0,0,,0,14Y,-,N,,0,0,,,0,,,,N,1,A,-,22350,,N,B,H,-,A,A,0,Y,A,1,0,0,1,0,0,0,0,0,0,-,-,OAKLAND,ALAMEDA,CA,0,0
6146436,-122.2655031,37.79696655,2013,109,0,6,4,12,0,1,A,,,,,,300,6,D,C,A,OAK ST,8TH ST,0,,Y,3/29/14,109,6/15/13,253,8862,1,5,7,0,0,,0,03X,-,N,,0,0,,,0,,,,N,2,A,-,21453,A,N,A,H,-,C,A,0,Y,-,-,0,0,1,0,0,0,0,0,0,-,-,OAKLAND,ALAMEDA,CA,0,0
6146440,-122.2422331,37.81153488,2013,109,0,6,3,12,0,1,A,,Y,,,,1200,6,D,G,A,LAKESHORE AV,MANDANA BL,0,,Y,3/6/14,109,6/1/13,1107,9014,1,5,7,0,0,,0,16X,-,N,,0,0,,,0,,,,N,2,A,-,21453,A,N,A,H,-,A,A,0,Y,L,4,0,1,0,0,0,0,1,0,0,-,-,OAKLAND,ALAMEDA,CA,0,0
6146444,-122.2315132,37.78073502,2013,109,0,6,4,22,0,1,A,,Y,,,,300,6,H,G,A,27TH ST,14TH AV,0,,Y,3/6/14,109,6/8/13,50,882,1,5,7,0,0,,0,17X,-,N,,0,0,,,0,,,,N,2,B,-,0,,N,A,H,-,C,A,0,Y,L,4,0,0,1,0,0,0,1,0,0,-,-,OAKLAND,ALAMEDA,CA,0,0
6146452,-122.2745732,37.81607437,2013,109,0,5,4,9,0,1,A,,Y,,,,1500,6,H,G,A,SYCAMORE ST,WEST ST,0,,Y,3/6/14,109,6/28/13,1343,9139,1,5,7,0,0,,0,06X,-,N,,0,0,,,0,,,,N,2,A,-,21801,A,F,A,H,-,A,D,0,Y,A,1,0,0,1,0,0,0,1,0,0,-,-,OAKLAND,ALAMEDA,CA,0,0
6146456,-122.2460431,37.79470444,2013,109,0,5,4,9,0,1,A,,Y,,,,2100,6,H,G,A,E 18TH ST,10TH AV,0,,Y,3/6/14,109,6/28/13,1915,8445,1,5,7,0,0,,0,17X,-,N,,0,0,,,0,,,,N,2,A,-,21801,A,N,A,H,-,A,A,0,Y,A,1,0,0,1,0,0,0,1,0,0,-,-,OAKLAND,ALAMEDA,CA,0,0
6146460,-122.2402831,37.78730392,2013,109,0,5,4,9,0,1,A,,Y,,,,2100,6,H,G,A,E 15TH ST,19TH AV,0,,Y,3/6/14,109,6/28/13,1941,8184,1,5,7,0,0,,0,19X,-,N,,0,0,,,0,,,,N,2,A,-,21802,A,N,A,H,-,A,A,0,Y,L,4,0,0,1,0,0,0,1,0,0,-,-,OAKLAND,ALAMEDA,CA,0,0
6146490,-122.2473631,37.78836441,2013,109,0,2,4,12,0,1,A,,,,,,1200,5,D,C,A,E 12TH ST,14TH AV,0,,Y,2/26/14,109,5/14/13,1045,9140,1,5,7,0,0,,0,19X,-,N,,0,0,,,0,,,,N,3,A,-,21453,A,N,A,H,-,A,A,0,Y,A,1,0,0,1,0,0,0,0,0,0,-,-,OAKLAND,ALAMEDA,CA,0,0
6147092,-122.240087,37.78586197,2013,109,0,3,3,8,0,1,A,,Y,,,,1800,6,H,G,A,INTERNATIONAL BL,20TH AV,27,W,N,3/14/14,109,6/19/13,1557,8557,1,5,7,0,0,,0,19X,-,N,,0,0,,,0,,,,N,3,A,-,22107,,N,B,H,-,A,D,0,Y,L,4,0,1,0,0,0,0,1,0,0,-,-,OAKLAND,ALAMEDA,CA,0,0
6147527,0,0,2013,109,0,4,2,8,0,2,A,,Y,,,,1800,6,H,G,A,GRAND AV,BELLEVUE AV,45,E,N,3/5/14,109,6/27/13,1514,9119,1,5,7,0,0,,0,14X,-,N,,0,0,,,0,,,,Y,4,A,-,22107,,N,A,H,-,A,D,0,Y,A,1,1,0,1,0,0,0,1,0,0,-,-,OAKLAND,ALAMEDA,CA,0,0
6147531,-122.2167306,37.79266739,2013,109,0,4,3,8,0,1,A,,,,,,600,6,B,E,A,BROOKDALE AV,CAPP ST,98,E,N,3/5/14,109,6/27/13,508,8914,1,5,7,0,0,,0,21X,-,N,,0,0,,,0,,,,Y,2,A,-,22107,,N,A,H,-,C,A,0,Y,A,1,0,1,0,0,0,0,0,0,0,-,-,OAKLAND,ALAMEDA,CA,0,0
6147667,-122.2512478,37.83621979,2013,109,0,7,3,-,0,1,A,,,,,,2100,6,B,E,A,BROADWAY,COLLEGE ST,60,S,N,3/5/14,109,6/30/13,1950,8662,1,5,7,0,0,,0,12X,-,N,,0,0,,,0,,,,N,1,A,-,0,,N,A,H,-,A,B,0,Y,A,7,0,1,0,0,0,0,0,0,0,-,-,OAKLAND,ALAMEDA,CA,0,0
6147671,-122.162993,37.74975586,2013,109,0,5,3,12,0,3,A,,,,,,2400,6,D,C,A,BANCROFT AV,96TH AV,0,,Y,3/5/14,109,6/28/13,2333,9127,2,5,7,0,0,,0,35X,-,N,,0,0,,,0,,,,Y,7,A,-,22450,A,N,A,H,-,C,A,0,Y,A,1,0,1,2,0,0,0,0,0,0,-,-,OAKLAND,ALAMEDA,CA,0,0
6147675,-122.2290032,37.80053329,2013,109,0,3,4,12,0,1,A,,,,,,300,6,D,C,A,BEAUMONT AV,MACARTHUR BL,0,,Y,3/5/14,109,6/19/13,18,8402,1,5,7,0,0,,0,17X,-,N,,0,0,,,0,,,,N,2,A,-,21453,A,N,A,H,-,C,A,0,Y,-,-,0,0,1,0,0,0,0,0,0,-,-,OAKLAND,ALAMEDA,CA,0,0
6147679,-122.2227332,37.77609634,2013,109,0,3,4,10,0,1,A,Y,,,,,1200,6,G,B,B,35TH AV,INTERNATIONAL BL,0,,Y,3/5/14,109,6/12/13,900,8652,2,5,7,0,0,,0,23X,-,N,,0,0,,,0,,,,N,2,A,-,21950,A,N,A,H,-,A,A,0,Y,A,1,0,0,1,0,1,0,0,0,0,-,-,OAKLAND,ALAMEDA,CA,0,0
6147718,-122.1956858,37.79059982,2013,109,0,3,4,5,0,1,A,,Y,,,,1800,6,H,G,A,39TH AV,MASTERSON ST,300,N,N,3/12/14,109,6/26/13,1639,8480,2,5,7,0,0,,0,25X,-,N,,0,0,,,0,,,,N,2,A,-,21202,A,N,A,H,-,A,A,0,Y,L,4,0,0,1,0,0,0,1,0,0,-,-,OAKLAND,ALAMEDA,CA,0,0
6147722,-122.2118731,37.79543304,2013,109,0,1,4,8,0,3,A,,,,,,1200,6,E,I,A,COOLIDGE AV,LAGUNA WY,0,,Y,3/12/14,109,6/24/13,1100,9092,1,5,7,0,0,,0,21X,-,N,,0,0,,,0,,,,Y,1,A,-,22107,,N,A,H,-,A,A,0,Y,A,1,0,0,3,0,0,0,0,0,0,-,-,OAKLAND,ALAMEDA,CA,0,0