CASEID,POINT_X,POINT_Y,YEAR_,LOCATION,CHPTYPE,DAYWEEK,CRASHSEV,VIOLCAT,KILLED,INJURED,WEATHER1,PEDCOL,BICCOL,MCCOL,TRUCKCOL,ETOH,TIMECAT,MONTH_,CRASHTYP,INVOLVE,PED,PRIMARYRD,SECONDRD,DISTANCE,DIRECT,INTERSECT_,PROCDATE,JURIS,DATE_,TIME_,BADGE,JURIDIST,SHIFT,POP,SPECIAL,BEATTYPE,LAPDDIV,BEATCLAS,BEATNUMB,WEATHER2,STATEHW,CALTRANC,CALTRAND,STROUTE,ROUTESUF,POSTPRE,POSTMILE,LOCATYPE,RAMP,SIDEHW,TOWAWAY,PARTIES,PCF,VIOLCODE,VIOL,VIOLSUB,HITRUN,ROADSURF,RDCOND1,RDCOND2,LIGHTING,RIGHTWAY,CHPRDTYP,NOTPRIV,STFAULT,CHPFAULT,SEVINJ,OTHERINJ,COP,PEDKILL,PEDINJ,BICKILL,BICINJ,MCKILL,MCINJURE,RAMP1,RAMP2,CITY,COUNTY,STATE,X_CHP,Y_CHP
6313355,-122.2704731,37.84270477,2013,109,0,1,4,9,0,3,-,Y,,,,,1200,10,D,C,B,MARTIN LUTHER KING JR WY,ARLINGTON AV,0,,Y,12/1/14,109,10/28/13,926,8073,1,5,7,0,0,,0,10Y,-,N,,0,0,,,0,,,,N,3,A,-,21802,A,N,A,-,-,A,A,0,Y,A,1,0,0,3,0,1,0,0,0,0,-,-,OAKLAND,ALAMEDA,CA,0,0
6313611,-122.2487331,37.81014633,2013,109,0,7,4,17,0,4,A,,,,,,2400,12,D,C,A,GRAND AV,MACARTHUR BL,0,,Y,5/22/14,109,12/8/13,2145,8366,1,5,7,0,0,,0,14X,-,N,,0,0,,,0,,,,N,2,A,-,21657,,N,A,-,-,C,A,0,Y,A,1,0,0,4,0,0,0,0,0,0,-,-,OAKLAND,ALAMEDA,CA,0,0
6315334,-122.2095409,37.77687836,2013,109,0,7,3,0,0,1,A,,,,,,1200,9,D,C,A,HIGH ST,CARRINGTON ST,15,N,N,4/24/14,109,9/1/13,1100,9148,2,5,7,0,0,,0,24X,-,N,,0,0,,,0,,,,N,2,D,-,0,,N,A,H,-,A,D,0,Y,-,-,0,1,0,0,0,0,0,0,0,-,-,OAKLAND,ALAMEDA,CA,0,0
6315338,-122.2371225,37.78038025,2013,109,0,6,4,8,0,2,A,,,,,,1500,9,A,C,A,23RD AV,E 11TH ST,100,N,N,4/21/14,109,9/28/13,1405,9014,1,5,7,0,0,,0,20X,-,N,,0,0,,,0,,,,N,2,A,-,22107,,N,A,H,-,A,D,0,Y,D,22,0,0,2,0,0,0,0,0,0,-,-,OAKLAND,ALAMEDA,CA,0,0
6315342,-122.2108331,37.76534653,2013,109,0,7,3,3,0,3,A,,,,,,1800,9,D,C,A,SAN LEANDRO ST,52ND AV,0,,Y,4/21/14,109,9/29/13,1740,8155,2,5,7,0,0,,0,26X,-,N,,0,0,,,0,,,,Y,4,A,-,22350,,N,A,D,-,A,A,0,Y,A,8,0,1,2,0,0,0,0,0,0,-,-,OAKLAND,ALAMEDA,CA,0,0
6315346,-122.2672822,37.83354187,2013,109,0,4,4,3,0,1,A,,,,,,1800,9,C,C,A,45TH ST,MARTIN LUTHER KING JR WY,65,E,N,4/23/14,109,9/26/13,1530,8347,1,5,7,0,0,,0,10Y,-,N,,0,0,,,0,,,,N,2,A,-,22350,,N,A,H,-,A,D,0,Y,A,1,0,0,1,0,0,0,0,0,0,-,-,OAKLAND,ALAMEDA,CA,0,0
6315350,-122.2171631,37.77065659,2013,109,0,3,4,12,0,1,A,,,,,,1200,9,D,C,A,HIGH ST,SAN LEANDRO ST,0,,Y,4/21/14,109,9/25/13,1140,8624,2,5,7,0,0,,0,26X,-,N,,0,0,,,0,,,,Y,2,A,-,21453,A,N,A,H,-,A,A,0,Y,D,22,0,0,1,0,0,0,0,0,0,-,-,OAKLAND,ALAMEDA,CA,0,0
6315354,0,0,2013,109,0,4,4,18,0,1,A,,,,Y,,1200,9,C,C,A,AIRPORT ACCESS RD,98TH AV,74,W,N,4/23/14,109,9/26/13,914,8217,2,5,7,0,0,,0,31Y,-,N,,0,0,,,0,,,,N,2,C,-,0,,N,A,H,-,A,A,0,Y,-,-,0,0,1,0,0,0,0,0,0,-,-,OAKLAND,ALAMEDA,CA,0,0
6316223,-122.199533,37.76511383,2013,109,0,3,4,12,0,1,A,,,,,,600,12,D,C,A,INTERNATIONAL BL,SEMINARY AV,0,,Y,7/7/14,109,12/4/13,450,7871,2,5,7,0,0,,0,27X,-,N,,0,0,,,0,,,,Y,2,A,-,21453,A,N,A,H,-,C,A,0,Y,-,-,0,0,1,0,0,0,0,0,0,-,-,OAKLAND,ALAMEDA,CA,0,0
6316227,-122.1978375,37.7346077,2013,109,0,2,4,3,0,1,C,,,,,,1500,11,A,C,A,HEGENBERGER RD,HEGENBERGER LOOP,87,N,N,5/27/14,109,11/19/13,1326,8217,2,5,7,0,0,,0,31X,-,N,,0,0,,,0,,,,N,2,A,-,22350,,N,B,H,-,A,A,0,Y,D,23,0,0,1,0,0,0,0,0,0,-,-,OAKLAND,ALAMEDA,CA,0,0
6316934,-122.1534931,37.75230408,2013,109,0,4,4,9,0,5,A,,,,,,900,12,D,C,A,98TH AV,STANLEY AV,0,,Y,6/18/14,109,12/5/13,813,7715,2,5,7,0,0,,0,32Y,-,N,,0,0,,,0,,,,Y,2,A,-,21802,A,N,A,H,-,A,A,0,Y,A,1,0,0,5,0,0,0,0,0,0,-,-,OAKLAND,ALAMEDA,CA,0,0
6316938,-122.2142914,37.84647369,2013,109,0,3,3,8,0,1,A,,,Y,,,900,12,H,A,A,BROADWAY TR,GWIN RD,100,S,N,6/18/14,109,12/4/13,750,8411,1,5,7,0,0,,0,13Y,-,N,,0,0,,,0,,,,N,1,A,-,22107,,N,A,H,-,A,D,0,Y,C,2,0,1,0,0,0,0,0,0,1,-,-,OAKLAND,ALAMEDA,CA,0,0
6317334,-122.2199631,37.76852417,2013,109,0,5,4,5,0,1,C,,,,,,2100,12,A,C,A,HIGH ST,COLISEUM WY,0,,Y,5/30/14,109,12/6/13,1954,9193,2,5,7,0,0,,0,26X,-,N,,0,0,,,0,,,,Y,2,A,-,21650,,M,B,H,-,C,A,0,Y,A,1,0,0,1,0,0,0,0,0,0,-,-,OAKLAND,ALAMEDA,CA,0,0
6317338,-122.2818732,37.81499481,2013,109,0,3,4,8,0,2,A,,,,,,900,12,D,C,A,WEST GRAND AV,LINDEN ST,0,,Y,5/30/14,109,12/4/13,749,9054,1,5,7,0,0,,0,05X,-,N,,0,0,,,0,,,,Y,2,A,-,22107,,N,A,H,-,A,D,0,Y,A,1,0,0,2,0,0,0,0,0,0,-,-,OAKLAND,ALAMEDA,CA,0,0
6317553,-122.2627214,37.8014183,2013,109,0,6,4,8,0,1,F,,Y,,,,1800,11,B,G,A,LAKESIDE DR,14TH ST,141,N,N,5/22/14,109,11/30/13,1610,9109,1,5,7,0,0,,0,04X,-,N,,0,0,,,0,,,,N,2,A,-,22107,,F,A,H,-,A,A,0,Y,-,99,0,0,1,0,0,0,1,0,0,-,-,OAKLAND,ALAMEDA,CA,0,0
6317557,-122.2234831,37.77192307,2013,109,0,3,4,12,0,1,A,,,,,,1800,11,D,F,A,37TH AV,9TH ST,0,,Y,5/22/14,109,11/27/13,1715,8120,2,5,7,0,0,,0,23X,-,N,,0,0,,,0,,,,N,2,A,-,22451,A,N,A,H,-,C,A,0,Y,A,1,0,0,1,0,0,0,0,0,0,-,-,OAKLAND,ALAMEDA,CA,0,0
6321764,-122.1412303,37.73788834,2013,109,1,5,4,8,0,1,B,,,,,,1800,9,F,A,A,RT 580,DUTTON AV,1320,W,N,4/5/14,9370,9/20/13,1750,18182,,2,7,0,1,,2,52,-,Y,,0,0,,,0,,,,Y,1,A,-,22107,,N,A,H,-,A,D,0,Y,A,1,0,0,1,0,0,0,0,0,0,-,-,OAKLAND,ALAMEDA,CA,-122.1476,37.7438
6321819,-122.1482385,37.76014709,2013,109,1,5,3,7,0,1,B,,,Y,,,1800,9,H,A,A,RT 580,GOLF LINKS RD,2640,E,N,4/5/14,9370,9/20/13,1510,18182,,2,7,0,1,,2,52,-,Y,,0,0,,,0,,,,N,2,A,-,21658,A,F,A,H,-,A,D,0,Y,A,1,0,1,0,0,0,0,0,0,1,-,-,OAKLAND,ALAMEDA,CA,-122.1482,37.7443
6321835,-122.2347509,37.80499268,2013,109,1,4,4,3,0,1,A,,,,,,2100,9,C,C,A,RT 580,PARK BL,445,W,N,4/5/14,9370,9/19/13,1840,18182,,2,7,0,1,,2,54,-,Y,,0,0,,,0,,,,N,2,A,-,22350,,N,A,H,-,A,D,0,Y,A,7,0,0,1,0,0,0,0,0,0,-,-,OAKLAND,ALAMEDA,CA,-122.23277,37.80351
6321927,-122.2656932,37.84873581,2013,109,0,3,3,9,0,1,A,,,,,,900,12,D,C,A,SHATTUCK AV,63RD ST,0,,Y,6/3/14,109,12/11/13,820,8655,1,5,7,0,0,,0,11X,-,N,,0,0,,,0,,,,Y,3,A,-,21800,A,N,A,H,-,A,-,0,Y,A,1,0,1,0,0,0,0,0,0,0,-,-,OAKLAND,ALAMEDA,CA,0,0
6321931,-122.1819831,37.76264572,2013,109,0,5,4,9,0,2,B,,,,,,1800,12,D,C,A,73RD AV,WELD ST,0,,Y,6/3/14,109,12/6/13,1536,8817,2,5,7,0,0,,0,30X,-,N,,0,0,,,0,,,,N,2,A,-,21801,A,N,A,H,-,A,A,0,Y,A,1,0,0,2,0,0,0,0,0,0,-,-,OAKLAND,ALAMEDA,CA,0,0
6322724,-122.2269704,37.78443527,2013,109,0,2,4,0,0,1,B,,Y,,,,1200,12,H,G,A,FOOTHILL BL,MITCHELL ST,5,W,N,5/27/14,109,12/3/13,1000,8959,1,5,7,0,0,,0,20X,-,N,,0,0,,,0,,,,N,2,D,-,0,,M,A,H,-,A,D,0,Y,-,-,0,0,1,0,0,0,1,0,0,-,-,OAKLAND,ALAMEDA,CA,0,0
6322728,-122.1963332,37.76016617,2013,109,0,3,4,12,0,1,A,,,,,,2100,12,D,C,A,66TH AV,EASTLAWN ST,0,,Y,5/27/14,109,12/4/13,1920,9193,2,5,7,0,0,,0,26Y,-,N,,0,0,,,0,,,,N,2,A,-,22450,A,M,A,H,-,C,A,0,Y,A,1,0,0,1,0,0,0,0,0,0,-,-,OAKLAND,ALAMEDA,CA,0,0
6324016,-122.2816731,37.82200623,2013,109,0,5,3,12,0,1,A,,Y,,,,1200,11,H,G,A,ADELINE ST,30TH ST,0,,Y,5/13/14,109,11/8/13,1008,9172,1,5,7,0,0,,0,07X,-,N,,0,0,,,0,,,,N,2,A,-,22450,A,N,A,H,-,A,A,0,Y,L,4,0,1,0,0,0,0,1,0,0,-,-,OAKLAND,ALAMEDA,CA,0,0
6324172,-122.2270231,37.77531433,2013,109,0,4,4,8,0,1,A,,,,,,1200,2,C,-,A,FRUITVALE AV,SAN LEANDRO ST,0,,Y,2/5/14,109,2/28/13,1030,8698,2,5,7,0,0,,0,23X,-,N,,0,0,,,0,,,,N,5,A,-,22107,,N,A,H,-,A,A,0,Y,A,1,0,0,1,0,0,0,0,0,0,-,-,OAKLAND,ALAMEDA,CA,0,0
6324184,-122.2009532,37.72421646,2013,109,0,3,4,12,0,2,B,,,,,,600,5,A,C,A,98TH AV,AIRPORT ACCESS RD,0,,Y,1/2/15,109,5/15/13,434,8222,2,5,7,0,0,,0,31X,-,N,,0,0,,,0,,,,Y,2,A,-,21453,A,N,A,H,-,C,A,0,Y,-,-,0,0,2,0,0,0,0,0,0,-,-,OAKLAND,ALAMEDA,CA,0,0
6324185,-122.2779288,37.82466507,2013,109,0,4,4,8,0,1,A,,,,,,2100,5,B,C,A,SAN PABLO AV,33RD ST,100,N,N,3/29/14,109,5/16/13,1830,8424,1,5,7,0,0,,0,06X,-,N,,0,0,,,0,,,,N,2,A,-,22107,,N,A,H,-,A,D,0,Y,A,1,0,0,1,0,0,0,0,0,0,-,-,OAKLAND,ALAMEDA,CA,0,0
6324198,-122.2343354,37.80367661,2013,109,0,6,4,8,0,2,A,,,,,,600,6,A,E,A,PARK BL,E 28TH ST,900,N,N,3/11/14,109,6/1/13,411,8494,1,5,7,0,0,,0,17X,-,N,,0,0,,,0,,,,Y,2,A,-,22107,,N,A,H,-,C,D,0,Y,A,1,0,0,2,0,0,0,0,0,0,-,-,OAKLAND,ALAMEDA,CA,0,0
6324208,-122.2782331,37.8002243,2013,109,0,4,4,10,0,1,A,Y,,,,,1500,7,G,B,B,6TH ST,JEFFERSON ST,0,,Y,3/18/14,109,7/18/13,1340,9111,1,5,7,0,0,,0,03Y,-,N,,0,0,,,0,,,,N,2,A,-,21950,A,N,A,H,-,A,A,0,Y,A,1,0,0,1,0,1,0,0,0,0,-,-,OAKLAND,ALAMEDA,CA,0,0
6324299,-122.2388701,37.80281067,2013,109,0,3,4,4,0,2,A,Y,,,,,2100,9,C,C,B,PARK BL,MCKINLEY AV,5,S,N,4/22/14,109,9/4/13,1856,9137,1,5,7,0,0,,0,17X,-,N,,0,0,,,0,,,,N,3,A,-,21703,,N,A,H,-,B,A,0,Y,A,7,0,0,2,0,0,0,0,0,0,-,-,OAKLAND,ALAMEDA,CA,0,0
6324313,-122.2110631,37.82680511,2013,109,0,3,4,9,0,1,A,,,Y,,,1500,9,D,C,A,MORAGA AV,MEDAU PL,0,,Y,4/17/14,109,9/18/13,1358,8246,1,5,7,0,0,,0,13X,-,N,,0,0,,,0,,,,N,2,A,-,21801,A,N,A,H,-,A,A,0,Y,A,7,0,0,1,0,0,0,0,0,1,-,-,OAKLAND,ALAMEDA,CA,0,0
6324896,-122.2795531,37.79819489,2013,109,0,5,4,12,0,1,A,,,,,,1200,11,D,C,A,JEFFERSON ST,3RD ST,0,,Y,5/21/14,109,11/1/13,1113,8316,1,5,7,0,0,,0,01X,-,N,,0,0,,,0,,,,N,2,A,-,22450,A,M,A,H,-,A,A,0,Y,A,1,0,0,1,0,0,0,0,0,0,-,-,OAKLAND,ALAMEDA,CA,0,0
6325065,0,0,2013,109,0,2,4,9,0,1,A,,,,Y,,1800,11,D,C,A,MIDDLE HARBOR RD,MARITIME ST,786,W,N,5/16/14,109,11/26/13,1500,9166,1,5,7,0,0,,0,02Y,-,N,,0,0,,,0,,,,Y,2,A,-,21801,A,N,A,H,-,A,D,0,Y,F,27,0,0,1,0,0,0,0,0,0,-,-,OAKLAND,ALAMEDA,CA,0,0
6325081,0,0,2013,109,0,3,4,8,0,2,A,,,,,,2100,11,D,C,A,RT 580,SEMINARY AV,0,,Y,5/27/14,109,11/13/13,1807,9170,2,5,7,0,0,,0,29,-,Y,,0,0,,,0,,,,Y,2,A,-,22100,B,N,A,H,-,C,D,0,Y,D,22,0,0,2,0,0,0,0,0,0,-,-,OAKLAND,ALAMEDA,CA,0,0
6325089,-122.2909232,37.81743622,2013,109,0,6,4,9,0,1,A,,,,,,1200,9,D,C,A,CAMPBELL ST,W GRAND,0,,Y,11/4/14,109,9/28/13,1013,9097,1,5,7,0,0,,0,05X,-,N,,0,0,,,0,,,,N,2,A,-,21802,A,N,A,H,-,A,D,0,Y,D,22,0,0,1,0,0,0,0,0,0,-,-,OAKLAND,ALAMEDA,CA,0,0
6325093,-122.2581832,37.79270554,2013,109,0,1,4,3,0,1,A,,,,,,1500,9,C,C,A,5TH AV,E 8TH ST,0,,Y,11/4/14,109,9/23/13,1445,8619,1,5,7,0,0,,0,19X,-,N,,0,0,,,0,,,,N,3,A,-,22350,,N,A,H,-,A,A,0,Y,D,22,0,0,1,0,0,0,0,0,0,-,-,OAKLAND,ALAMEDA,CA,0,0
6325097,-122.1693532,37.74267578,2013,109,0,2,4,9,0,2,A,,,,,,1800,9,D,C,A,INTERNATIONAL BL,100TH AV,0,,Y,11/4/14,109,9/24/13,1732,8751,2,5,7,0,0,,0,32X,-,N,,0,0,,,0,,,,Y,2,A,-,21802,A,N,A,H,-,A,A,0,Y,A,1,0,0,2,0,0,0,0,0,0,-,-,OAKLAND,ALAMEDA,CA,0,0
6326998,-122.2079089,37.76901627,2013,109,0,7,4,3,0,1,A,,,Y,,,1800,12,C,C,A,INTERNATIONAL BL,51ST AV,2,W,N,5/27/14,109,12/1/13,1500,8949,2,5,7,0,0,,0,26X,-,N,,0,0,,,0,,,,Y,2,A,-,22350,,N,A,H,-,A,A,0,Y,A,1,0,0,1,0,0,0,0,0,0,-,-,OAKLAND,ALAMEDA,CA,0,0
6326999,-122.2820002,37.82112503,2013,109,0,5,4,18,0,1,A,,,,,,1200,12,E,C,A,ADELINE ST,28TH ST,330,N,N,5/27/14,109,12/13/13,1050,9158,1,5,7,0,0,,0,07X,-,N,,0,0,,,0,,,,Y,3,C,-,0,,N,A,H,-,A,A,0,Y,-,-,0,0,1,0,0,0,0,0,0,-,-,OAKLAND,ALAMEDA,CA,0,0
6327297,-122.2742191,37.81740952,2013,109,0,5,4,3,0,1,A,,Y,,,,2400,9,H,G,A,27TH ST,WEST ST,10,E,N,4/22/14,109,9/20/13,2301,8973,1,5,7,0,0,,0,06X,-,N,,0,0,,,0,,,,N,2,A,-,22350,,M,A,H,-,C,A,0,Y,A,7,0,0,1,0,0,0,1,0,0,-,-,OAKLAND,ALAMEDA,CA,0,0
6327301,-122.2555399,37.8443222,2013,109,0,3,4,3,0,1,A,,Y,,,,2100,9,B,G,A,FOREST ST,OAK GROVE AV,92,W,N,4/22/14,109,9/25/13,1900,8343,1,5,7,0,0,,0,12Y,-,N,,0,0,,,0,,,,N,2,A,-,22350,,N,A,H,-,C,D,0,Y,L,4,0,0,1,0,0,0,1,0,0,-,-,OAKLAND,ALAMEDA,CA,0,0
6327305,-122.1746346,37.74981308,2013,109,0,7,4,8,0,1,A,,,Y,,,1800,9,B,C,A,INTERNATIONAL BL,90TH AV,5,E,N,4/23/14,109,9/22/13,1519,9119,2,5,7,0,0,,0,34X,-,N,,0,0,,,0,,,,N,2,A,-,22107,,N,A,H,-,A,A,0,Y,C,2,0,0,1,0,0,0,0,0,1,-,-,OAKLAND,ALAMEDA,CA,0,0
6327309,-122.2582831,37.82422638,2013,109,0,5,3,21,0,1,A,,,,,,1200,9,C,C,A,MACARTHUR BL,BROADWAY,150,E,N,4/22/14,109,9/20/13,1156,9070,1,5,7,0,0,,0,09X,-,N,,0,0,,,0,,,,N,2,A,-,22106,,N,A,H,-,A,A,0,Y,A,1,0,1,0,0,0,0,0,0,0,-,-,OAKLAND,ALAMEDA,CA,0,0
6327313,-122.2557032,37.79580307,2013,109,0,5,4,9,0,1,A,,,,,,1200,9,D,C,A,E 12TH ST,4TH AV,0,,Y,4/23/14,109,9/6/13,910,9116,1,5,7,0,0,,0,19X,-,N,,0,0,,,0,,,,N,2,A,-,21802,A,N,A,H,-,A,A,0,Y,A,1,0,0,1,0,0,0,0,0,0,-,-,OAKLAND,ALAMEDA,CA,0,0
6327317,-122.2413107,37.8024559,2013,109,0,4,4,8,0,1,A,,,,,,1800,9,D,C,A,PARK BL,SPRUCE ST,100,N,N,4/22/14,109,9/19/13,1555,9076,1,5,7,0,0,,0,15X,-,N,,0,0,,,0,,,,N,2,A,-,22102,,N,A,H,-,A,A,0,Y,A,1,0,0,1,0,0,0,0,0,0,-,-,OAKLAND,ALAMEDA,CA,0,0
6327318,-122.2169132,37.79867554,2013,109,0,5,3,10,0,1,A,Y,,,,,900,5,G,-,-,FRUITVALE AV,MONTANA ST,0,,Y,2/24/14,109,5/31/13,858,8134,1,5,7,0,0,,0,21X,-,N,,0,0,,,0,,,,N,2,A,-,21950,A,N,A,H,-,A,A,0,Y,A,1,0,1,0,0,1,0,0,0,0,-,-,OAKLAND,ALAMEDA,CA,0,0
6327321,-122.1912353,37.80967712,2013,109,0,2,3,3,0,1,A,,,,,,1500,9,A,I,A,JOAQUIN MILLER RD,CRANE WY,528,S,N,4/22/14,109,9/17/13,1438,9126,1,5,7,0,0,,0,22Y,-,N,,0,0,,,0,,,,Y,1,A,-,22350,,N,A,H,-,A,D,0,Y,A,1,0,1,0,0,0,0,0,0,0,-,-,OAKLAND,ALAMEDA,CA,0,0
6327322,0,0,2013,109,0,6,2,3,0,1,A,,,Y,,,2100,5,E,I,A,ACALANES,CATRON,27,E,N,2/24/14,109,5/25/13,1939,9137,2,5,7,0,0,,0,31Z,-,N,,0,0,,,0,,,,N,1,A,-,22350,,M,A,H,-,B,D,0,Y,C,2,1,0,0,0,0,0,0,0,1,-,-,OAKLAND,ALAMEDA,CA,0,0
6327326,-122.2831803,37.84716415,2013,109,0,2,4,3,0,1,A,,,,,,900,5,C,C,A,ALCATRAZ AV,HERZOG ST,5,W,N,2/24/14,109,5/14/13,815,7704,1,5,7,0,0,,0,10X,-,N,,0,0,,,0,,,,N,2,A,-,22350,,M,A,H,-,A,D,0,Y,-,-,0,0,1,0,0,0,0,0,0,-,-,OAKLAND,ALAMEDA,CA,0,0
6327330,-122.1658687,37.75354767,2013,109,0,4,4,10,0,1,A,Y,,,,,2100,5,G,B,B,90TH AV,BANCROFT AV,12,S,N,2/24/14,109,5/16/13,1809,9147,2,5,7,0,0,,0,34X,-,N,,0,0,,,0,,,,Y,2,A,-,21950,A,N,A,H,-,A,A,0,Y,A,1,0,0,1,0,1,0,0,0,0,-,-,OAKLAND,ALAMEDA,CA,0,0
6327872,-122.1980299,37.81046677,2013,109,0,5,4,3,0,1,B,,,,,,2400,9,E,I,A,MONTEREY BL,LINCOLN AV,9,W,N,4/17/14,109,9/13/13,2327,8284,1,5,7,0,0,,0,22X,-,N,,0,0,,,0,,,,Y,1,A,-,22350,,N,A,H,-,C,A,0,Y,A,1,0,0,1,0,0,0,0,0,0,-,-,OAKLAND,ALAMEDA,CA,0,0
6327876,-122.2768331,37.84619522,2013,109,0,5,4,9,0,1,B,,Y,,,,1200,9,H,G,A,MARKET ST,62ND ST,0,,Y,4/17/14,109,9/13/13,900,9073,1,5,7,0,0,,0,10X,-,N,,0,0,,,0,,,,N,2,A,-,21802,A,N,A,H,-,A,A,0,Y,L,4,0,0,1,0,0,0,1,0,0,-,-,OAKLAND,ALAMEDA,CA,0,0
6327884,-122.266212,37.82934189,2013,109,0,1,3,11,0,1,A,Y,,,,,1200,9,G,B,D,40TH ST,TELEGRAPH AV,500,W,N,4/17/14,109,9/16/13,1121,8073,1,5,7,0,0,,0,12X,-,N,,0,0,,,0,,,,N,2,A,-,21954,A,N,A,H,-,A,D,0,Y,N,60,0,1,0,0,1,0,0,0,0,-,-,OAKLAND,ALAMEDA,CA,0,0
6327891,-122.2138132,37.79712677,2013,109,0,1,4,10,0,4,A,Y,,,,,900,9,G,B,B,BOSTON AV,HAROLD ST,0,,Y,4/16/14,109,9/9/13,817,8744,1,5,7,0,0,,0,21X,-,N,,0,0,,,0,,,,N,5,A,-,21950,A,N,A,H,-,A,A,0,Y,A,1,0,0,4,0,4,0,0,0,0,-,-,OAKLAND,ALAMEDA,CA,0,0
6327895,-122.2566731,37.82318497,2013,109,0,5,3,10,0,1,A,Y,,,,,2400,9,G,B,B,PIEDMONT AV,MACARTHUR BL,0,,Y,4/17/14,109,9/20/13,2303,9076,1,5,7,0,0,,0,09X,-,N,,0,0,,,0,,,,N,2,A,-,21950,A,M,A,H,-,C,A,0,Y,A,1,0,1,0,0,1,0,0,0,0,-,-,OAKLAND,ALAMEDA,CA,0,0
6327896,-122.2532031,37.7936058,2013,109,0,6,4,9,0,1,A,,,,,,1200,9,D,C,A,E 12TH ST,7TH AV,0,,Y,4/17/14,109,9/7/13,1100,8700,1,5,7,0,0,,0,19X,-,N,,0,0,,,0,,,,N,2,A,-,21802,A,N,A,H,-,A,A,0,Y,A,1,0,0,1,0,0,0,0,0,0,-,-,OAKLAND,ALAMEDA,CA,0,0
6327899,-122.2211752,37.77535629,2013,109,0,7,2,8,0,1,A,,,Y,,,1800,9,A,C,A,INTERNATIONAL BL,37TH AV,96,W,N,4/17/14,109,9/22/13,1545,8869,2,5,7,0,0,,0,23X,-,N,,0,0,,,0,,,,N,3,A,-,22107,,N,A,H,-,A,D,0,Y,A,1,1,0,0,0,0,0,0,0,1,-,-,OAKLAND,ALAMEDA,CA,0,0
6327900,-122.2197031,37.77186584,2013,109,0,6,4,9,0,1,A,,,,,,1200,9,D,C,A,SAN LEANDRO ST,40TH AV,0,,Y,4/17/14,109,9/7/13,1138,8631,2,5,7,0,0,,0,23X,-,N,,0,0,,,0,,,,N,2,A,-,21802,A,N,A,H,-,A,A,0,Y,A,1,0,0,1,0,0,0,0,0,0,-,-,OAKLAND,ALAMEDA,CA,0,0
6327904,-122.2558631,37.79302597,2013,109,0,3,4,9,0,1,B,,,,,,1200,9,D,C,A,E 10TH ST,6TH AV,0,,Y,4/17/14,109,9/11/13,900,9116,1,5,7,0,0,,0,19X,-,N,,0,0,,,0,,,,N,2,A,-,21802,A,N,A,H,-,A,A,0,Y,A,1,0,0,1,0,0,0,0,0,0,-,-,OAKLAND,ALAMEDA,CA,0,0
6327908,-122.2642933,37.82990265,2013,109,0,6,4,3,0,1,A,,,,,,1800,9,C,C,A,TELEGRAPH AV,41ST ST,15,S,N,4/17/14,109,9/7/13,1700,8660,1,5,7,0,0,,0,12X,-,N,,0,0,,,0,,,,N,2,A,-,22350,,N,A,H,-,A,A,0,Y,A,1,0,0,1,0,0,0,0,0,0,-,-,OAKLAND,ALAMEDA,CA,0,0
6327911,-122.2710931,37.79745483,2013,109,0,2,3,11,0,1,A,Y,,,,,1200,9,G,B,D,HARRISON ST,6TH ST,0,,Y,4/17/14,109,9/17/13,1140,8051,1,5,7,0,0,,0,03X,-,Y,,0,0,,,0,,,,N,2,A,-,21954,A,N,A,H,-,A,D,0,Y,N,60,0,1,0,0,1,0,0,0,0,-,-,OAKLAND,ALAMEDA,CA,0,0
6327915,-122.2605432,37.85019302,2013,109,0,6,4,3,0,1,A,,,,,,1500,9,C,C,A,TELEGRAPH AV,ALCATRAZ AV,0,,Y,4/17/14,109,9/14/13,1410,9113,1,5,7,0,0,,0,12X,-,N,,0,0,,,0,,,,N,2,A,-,22350,,N,A,H,-,A,A,0,Y,A,1,0,0,1,0,0,0,0,0,0,-,-,OAKLAND,ALAMEDA,CA,0,0
6327916,-122.2829232,37.84034348,2013,109,0,2,4,10,0,1,A,Y,,,,,1800,9,G,B,B,SAN PABLO AV,57TH ST,0,,Y,4/17/14,109,9/17/13,1705,8347,1,5,7,0,0,,0,10X,-,N,,0,0,,,0,,,,Y,2,A,-,21950,A,N,A,H,-,A,D,0,Y,A,1,0,0,1,0,1,0,0,0,0,-,-,OAKLAND,ALAMEDA,CA,0,0
6327919,-122.1957932,37.76332474,2013,109,0,3,4,8,0,1,A,,Y,,,,1800,9,H,G,A,64TH AV,INTERNATIONAL BL,0,,Y,4/17/14,109,9/18/13,1518,9097,2,5,7,0,0,,0,27X,-,N,,0,0,,,0,,,,N,2,A,-,22100,A,N,A,H,-,A,D,0,Y,A,1,0,0,1,0,0,0,1,0,0,-,-,OAKLAND,ALAMEDA,CA,0,0
6327920,-122.1693532,37.74267578,2013,109,0,3,4,10,0,1,A,Y,,,,,1800,9,G,B,B,INTERNATIONAL BL,100TH AV,0,,Y,4/17/14,109,9/4/13,1511,8576,2,5,7,0,0,,0,32X,-,N,,0,0,,,0,,,,N,2,A,-,21950,A,N,A,H,-,A,A,0,Y,A,1,0,0,1,0,1,0,0,0,0,-,-,OAKLAND,ALAMEDA,CA,0,0