CASEID,POINT_X,POINT_Y,YEAR_,LOCATION,CHPTYPE,DAYWEEK,CRASHSEV,VIOLCAT,KILLED,INJURED,WEATHER1,PEDCOL,BICCOL,MCCOL,TRUCKCOL,ETOH,TIMECAT,MONTH_,CRASHTYP,INVOLVE,PED,PRIMARYRD,SECONDRD,DISTANCE,DIRECT,INTERSECT_,PROCDATE,JURIS,DATE_,TIME_,BADGE,JURIDIST,SHIFT,POP,SPECIAL,BEATTYPE,LAPDDIV,BEATCLAS,BEATNUMB,WEATHER2,STATEHW,CALTRANC,CALTRAND,STROUTE,ROUTESUF,POSTPRE,POSTMILE,LOCATYPE,RAMP,SIDEHW,TOWAWAY,PARTIES,PCF,VIOLCODE,VIOL,VIOLSUB,HITRUN,ROADSURF,RDCOND1,RDCOND2,LIGHTING,RIGHTWAY,CHPRDTYP,NOTPRIV,STFAULT,CHPFAULT,SEVINJ,OTHERINJ,COP,PEDKILL,PEDINJ,BICKILL,BICINJ,MCKILL,MCINJURE,RAMP1,RAMP2,CITY,COUNTY,STATE,X_CHP,Y_CHP
6415118,-122.2759162,37.80879974,2013,109,0,6,4,1,0,1,A,,,,,Y,2400,12,C,C,A,CASTRO ST,17TH ST,55,N,N,5/14/14,109,12/14/13,2342,9125,1,5,7,0,0,,0,04X,-,N,,0,0,,,0,,,,N,4,A,-,23152,A,N,A,H,-,C,A,0,Y,A,1,0,0,1,0,0,0,0,0,0,-,-,OAKLAND,ALAMEDA,CA,0,0
6415134,-122.2117831,37.77470398,2013,109,0,3,4,0,0,2,A,,,,,,1800,12,B,C,A,HIGH ST,FOOTHILL BL,0,,Y,1/8/15,109,12/11/13,1600,9138,2,5,7,0,0,,0,27X,-,N,,0,0,,,0,,,,N,2,D,-,0,,M,A,H,-,A,A,0,Y,-,-,0,0,2,0,0,0,0,0,0,-,-,OAKLAND,ALAMEDA,CA,0,0
6418908,-122.2315683,37.78076935,2013,109,0,6,4,21,0,1,A,,,,Y,,1200,12,H,C,A,INTERNATIONAL BL,27TH AV,20,W,N,5/16/14,109,12/21/13,1146,9167,1,5,7,0,0,,0,20X,-,N,,0,0,,,0,,,,N,2,A,-,22106,,N,A,H,-,A,D,0,Y,F,55,0,0,1,0,0,0,0,0,0,-,-,OAKLAND,ALAMEDA,CA,0,0
6418932,-122.192443,37.7974968,2013,109,0,7,4,8,0,2,A,,,,,,2400,12,F,E,A,VIRDEN AV,VICTOR ST,0,,Y,5/16/14,109,12/15/13,2333,9063,2,5,7,0,0,,0,25X,-,N,,0,0,,,0,,,,N,3,A,-,22107,,N,A,H,-,C,D,0,Y,A,7,0,0,2,0,0,0,0,0,0,-,-,OAKLAND,ALAMEDA,CA,0,0
6419777,-122.2680932,37.80225372,2013,109,0,5,4,0,0,2,A,,,,,,1800,12,D,C,A,13TH ST,HARRISON ST,0,,Y,5/22/14,109,12/20/13,1505,9112,1,5,7,0,0,,0,03X,-,N,,0,0,,,0,,,,Y,2,D,-,0,,N,A,H,-,A,A,0,Y,-,-,0,0,2,0,0,0,0,0,0,-,-,OAKLAND,ALAMEDA,CA,0,0
6422046,-122.2817731,37.80161667,2013,109,0,3,4,12,0,1,A,,,,,,1800,10,D,C,A,BRUSH ST,6TH ST,0,,Y,4/12/14,109,10/16/13,1730,8424,1,5,7,0,0,,0,02X,-,N,,0,0,,,0,,,,N,2,A,-,21453,A,N,A,H,-,B,A,0,Y,-,-,0,0,1,0,0,0,0,0,0,-,-,OAKLAND,ALAMEDA,CA,0,0
6430103,-122.1887332,37.73169327,2013,109,0,4,4,3,0,1,A,,,,,,1800,12,C,C,A,98TH AV,RT 880,0,,Y,5/14/14,109,12/19/13,1750,9141,2,5,7,0,0,,0,31Y,-,Y,,0,0,,,0,,,,N,2,A,-,22350,,N,A,H,-,C,A,0,Y,A,1,0,0,1,0,0,0,0,0,0,-,NF,OAKLAND,ALAMEDA,CA,0,0
6430107,-122.2780832,37.82518387,2013,109,0,1,4,17,0,1,A,,,,,,2100,12,D,C,A,SAN PABLO AV,34TH ST,0,,Y,5/14/14,109,12/30/13,1825,9046,1,5,7,0,0,,0,07X,-,N,,0,0,,,0,,,,N,2,A,-,24250,,N,A,H,-,C,D,0,Y,A,1,0,0,1,0,0,0,0,0,0,-,-,OAKLAND,ALAMEDA,CA,0,0
6430911,-122.2700931,37.83398438,2013,109,0,6,3,12,0,1,A,,Y,,,,1200,12,D,G,A,WEST ST,45TH ST,0,,Y,5/23/14,109,12/21/13,953,9190,1,5,7,0,0,,0,06X,-,N,,0,0,,,0,,,,N,2,A,-,22450,A,N,A,H,-,C,A,0,Y,-,-,0,1,0,0,0,0,1,0,0,-,-,OAKLAND,ALAMEDA,CA,0,0
6430915,-122.2789301,37.84276962,2013,109,0,6,4,8,0,1,A,,,,,,1500,12,E,I,A,STANFORD AV,LOS ANGELES ST,50,E,N,5/14/14,109,12/28/13,1350,9095,1,5,7,0,0,,0,10X,-,N,,0,0,,,0,,,,N,1,A,-,22107,,N,A,H,-,A,A,0,Y,A,7,0,0,1,0,0,0,0,0,0,-,-,OAKLAND,ALAMEDA,CA,0,0
6430919,-122.229235,37.79787064,2013,109,0,4,4,21,0,1,A,,,,,,1800,12,B,C,A,E 30TH ST,14TH AV,200,E,N,5/14/14,109,12/26/13,1555,9181,2,5,7,0,0,,0,18Y,-,N,,0,0,,,0,,,,N,3,A,-,22106,,N,A,H,-,A,D,0,Y,A,1,0,0,1,0,0,0,0,0,0,-,-,OAKLAND,ALAMEDA,CA,0,0
6430923,-122.2110631,37.82680511,2013,109,0,1,4,9,0,1,A,,,,,,1200,12,D,C,A,MORAGA AV,MEDAU PL,0,,Y,5/14/14,109,12/30/13,1130,9097,1,5,7,0,0,,0,13X,-,N,,0,0,,,0,,,,Y,2,A,-,21801,A,N,A,H,-,A,A,0,Y,A,1,0,0,1,0,0,0,0,0,0,-,-,OAKLAND,ALAMEDA,CA,0,0
6430927,-122.1931436,37.79820251,2013,109,0,6,4,8,0,1,C,,,,,,300,12,B,E,A,35TH AV,VICTOR AV,15,N,N,5/14/14,109,12/7/13,158,9009,2,5,7,0,0,,0,25Y,-,N,,0,0,,,0,,,,N,3,A,-,22107,,M,D,H,-,C,D,0,Y,A,1,0,0,1,0,0,0,0,0,0,-,-,OAKLAND,ALAMEDA,CA,0,0
6436100,-122.2161117,37.77851486,2013,109,0,6,4,3,0,1,A,,,,,,1500,12,C,C,A,FOOTHILL BL,39TH AV,25,W,N,5/16/14,109,12/21/13,1214,8046,2,5,7,0,0,,0,23X,-,N,,0,0,,,0,,,,N,2,A,-,22350,,N,A,H,-,A,D,0,Y,A,7,0,0,1,0,0,0,0,0,0,-,-,OAKLAND,ALAMEDA,CA,0,0
6436104,-122.2167132,37.77903366,2013,109,0,3,4,9,0,1,A,,,,,,1500,12,D,C,A,FOOTHILL BL,38TH AV,0,,Y,5/15/14,109,12/18/13,1406,9112,2,5,7,0,0,,0,24X,-,N,,0,0,,,0,,,,N,2,A,-,21453,B,N,A,H,-,A,A,0,Y,A,8,0,0,1,0,0,0,0,0,0,-,-,OAKLAND,ALAMEDA,CA,0,0
6436161,-122.2279856,37.77862549,2013,109,0,3,4,8,0,1,B,,,,,,1500,12,D,E,A,INTERNATIONAL BL,30TH AV,40,E,N,5/16/14,109,12/18/13,1204,8208,1,5,7,0,0,,0,20X,-,N,,0,0,,,0,,,,N,3,A,-,22107,,M,A,H,-,A,D,0,Y,A,1,0,0,1,0,0,0,0,0,0,-,-,OAKLAND,ALAMEDA,CA,0,0
6436169,-122.1820031,37.76961517,2013,109,0,7,4,9,0,1,A,,,,,,1800,12,D,C,A,BANCROFT AV,HAVENSCOURT BL,0,,Y,5/16/14,109,12/22/13,1747,9119,2,5,7,0,0,,0,30X,-,N,,0,0,,,0,,,,N,2,A,-,21801,A,N,A,H,-,B,A,0,Y,A,1,0,0,1,0,0,0,0,0,0,-,-,OAKLAND,ALAMEDA,CA,0,0
6436173,-122.2736331,37.80530548,2013,109,0,7,4,12,0,1,A,,,,,,1200,12,D,-,A,14TH ST,CLAY ST,0,,Y,5/23/14,109,12/22/13,1117,9129,1,5,7,0,0,,0,03X,-,N,,0,0,,,0,,,,Y,2,A,-,21453,A,N,A,H,-,A,A,0,Y,-,-,0,0,1,0,0,0,0,0,0,-,-,OAKLAND,ALAMEDA,CA,0,0
6436177,-122.2670422,37.81976318,2013,109,0,1,3,8,0,1,A,,Y,,,,1200,12,C,C,A,TELEGRAPH AV,31ST ST,75,S,N,5/16/14,109,12/23/13,950,9139,1,5,7,0,0,,0,08X,-,N,,0,0,,,0,,,,N,2,A,-,22107,,N,A,H,-,A,A,0,Y,L,4,0,1,0,0,0,0,1,0,0,-,-,OAKLAND,ALAMEDA,CA,0,0
6436181,-122.1834648,37.75745392,2013,109,0,4,4,8,0,1,A,,,,,,900,12,B,C,A,INTERNATIONAL BL,78TH AV,23,E,N,5/16/14,109,12/19/13,840,9187,2,5,7,0,0,,0,26X,-,N,,0,0,,,0,,,,N,2,A,-,22107,,M,A,H,-,A,D,0,Y,A,1,0,0,1,0,0,0,0,0,0,-,-,OAKLAND,ALAMEDA,CA,0,0
6436185,-122.273368,37.83643341,2013,109,0,3,4,3,0,1,A,,,Y,,,1200,12,H,J,A,MARKET ST,52ND ST,45,S,N,5/16/14,109,12/25/13,1047,9126,1,5,7,0,0,,0,10X,-,N,,0,0,,,0,,,,Y,1,A,-,22350,,N,A,H,-,A,A,0,Y,C,2,0,0,1,0,0,0,0,0,1,-,-,OAKLAND,ALAMEDA,CA,0,0
6436189,-122.1829001,37.76206589,2013,109,0,5,4,8,0,1,A,,,,,,2100,12,C,E,A,73RD AV,HOLLY ST,10,S,N,5/16/14,109,12/27/13,1817,9048,2,5,7,0,0,,0,30X,-,N,,0,0,,,0,,,,N,4,A,-,22107,,N,A,H,-,C,A,0,Y,A,1,0,0,1,0,0,0,0,0,0,-,-,OAKLAND,ALAMEDA,CA,0,0
6436193,-122.2373732,37.7754364,2013,109,0,1,4,9,0,1,A,,,,,,1800,12,D,C,A,E 7TH ST,KENNEDY ST,0,,Y,5/16/14,109,12/2/13,1630,9088,1,5,7,0,0,,0,19X,-,N,,0,0,,,0,,,,N,2,A,-,21801,A,M,A,H,-,A,A,0,Y,A,8,0,0,1,0,0,0,0,0,0,-,-,OAKLAND,ALAMEDA,CA,0,0
6436199,-122.1820031,37.76961517,2013,109,0,7,4,12,0,2,A,,,,,Y,2100,10,B,C,A,HAVENSCOURT BL,BANCROFT AV,0,,Y,5/1/14,109,10/20/13,1951,9059,2,5,7,0,0,,0,30Y,-,N,,0,0,,,0,,,,N,2,A,-,21453,A,N,A,H,-,C,A,0,Y,-,-,0,0,2,0,0,0,0,0,0,-,-,OAKLAND,ALAMEDA,CA,0,0
6436201,-122.2167132,37.77903366,2013,109,0,7,3,9,0,2,A,,,,,,1200,12,A,C,A,38TH AV,FOOTHILL BL,0,,Y,5/16/14,109,12/29/13,1046,8769,2,5,7,0,0,,0,24X,-,N,,0,0,,,0,,,,N,2,A,-,21801,A,N,A,H,-,A,A,0,Y,A,1,0,1,1,0,0,0,0,0,0,-,-,OAKLAND,ALAMEDA,CA,0,0
6436205,-122.2831431,37.84101486,2013,109,0,7,4,3,0,2,A,,,,,,1500,12,C,C,A,SAN PABLO AV,STANFORD ST,0,,Y,5/16/14,109,12/29/13,1229,9095,1,5,7,0,0,,0,10X,-,N,,0,0,,,0,,,,N,2,A,-,22350,,N,A,H,-,A,A,0,Y,A,7,0,0,2,0,0,0,0,0,0,-,-,OAKLAND,ALAMEDA,CA,0,0
6436209,0,0,2013,109,0,1,2,9,0,1,A,,,Y,,,1800,12,D,C,A,GRIZZLY PEAK BL,CENTENNIAL DR,6336,S,N,5/16/14,109,12/30/13,1645,8662,1,5,7,0,0,,0,13X,-,N,,0,0,,,0,,,,N,2,A,-,21804,A,N,A,G,-,A,D,0,Y,A,1,1,0,0,0,0,0,0,0,0,-,-,OAKLAND,ALAMEDA,CA,0,0
6436213,-122.2642632,37.81559372,2013,109,0,6,4,9,0,1,A,,Y,,,,1500,12,D,G,A,BROADWAY,27TH ST,0,,Y,5/16/14,109,12/28/13,1345,9113,1,5,7,0,0,,0,08X,-,N,,0,0,,,0,,,,N,2,A,-,21801,A,N,A,H,-,A,A,0,Y,L,4,0,0,1,0,0,0,1,0,0,-,-,OAKLAND,ALAMEDA,CA,0,0
6436269,-122.2066114,37.75457001,2013,109,0,2,4,8,0,1,B,,,,,,1800,3,E,I,A,66TH AV,COLISEUM WY,400,S,N,4/22/14,109,3/5/13,1612,8420,2,5,7,0,0,,0,26X,-,N,,0,0,,,0,,,,Y,1,A,-,22107,,N,A,H,-,A,A,0,Y,A,1,0,0,1,0,0,0,0,0,0,-,-,OAKLAND,ALAMEDA,CA,0,0
6439064,-122.2787735,37.82714844,2013,109,0,2,4,4,0,2,A,,,,,,1500,12,C,C,A,SAN PABLO AV,36TH ST,50,N,N,5/16/14,109,12/17/13,1229,8427,1,5,7,0,0,,0,06X,-,N,,0,0,,,0,,,,N,2,A,-,21703,,N,A,H,-,A,A,0,Y,A,7,0,0,2,0,0,0,0,0,0,-,-,OAKLAND,ALAMEDA,CA,0,0
6440642,-122.2480731,37.84137344,2013,109,0,6,3,12,0,2,A,,,,,,1500,11,D,C,A,BROADWAY AV,MANILA AV,0,,Y,5/14/14,109,11/2/13,1340,8961,1,5,7,0,0,,0,13X,-,N,,0,0,,,0,,,,Y,2,A,-,21453,A,N,A,H,-,A,A,0,Y,-,-,0,1,1,0,0,0,0,0,0,-,-,OAKLAND,ALAMEDA,CA,0,0
6440646,-122.2785725,37.82655716,2013,109,0,5,4,3,0,1,A,,,,,,1200,11,C,C,A,SAN PABLO AV,35TH ST,50,N,N,5/14/14,109,11/1/13,1140,8933,1,5,7,0,0,,0,06X,-,N,,0,0,,,0,,,,Y,2,A,-,22350,,N,A,H,-,A,A,0,Y,A,1,0,0,1,0,0,0,0,0,0,-,-,OAKLAND,ALAMEDA,CA,0,0
6440658,-122.2200932,37.78075409,2013,109,0,6,4,12,0,1,A,,,,,Y,2100,12,D,C,A,35TH AV,E 18TH ST,0,,Y,5/15/14,109,12/14/13,1945,7657,2,5,7,0,0,,0,23X,-,N,,0,0,,,0,,,,N,2,A,-,22450,A,N,A,H,-,C,A,0,Y,A,8,0,0,1,0,0,0,0,0,0,-,-,OAKLAND,ALAMEDA,CA,0,0
6440717,-122.2181083,37.76991272,2013,109,0,4,4,9,0,1,A,,,,,,1500,11,D,C,A,HIGH ST,WATTLING ST,10,E,N,5/14/14,109,11/21/13,1325,8997,2,5,7,0,0,,0,22X,-,N,,0,0,,,0,,,,N,2,A,-,21801,A,N,A,H,-,A,D,0,Y,A,8,0,0,1,0,0,0,0,0,0,-,-,OAKLAND,ALAMEDA,CA,0,0
6441231,-122.2291631,37.79549408,2013,109,0,3,3,12,0,5,A,,,,,,2400,11,D,C,A,28TH AV,E 21ST ST,0,,Y,5/13/14,109,11/27/13,2250,9140,1,5,7,0,0,,0,21X,-,N,,0,0,,,0,,,,N,2,A,-,22450,A,N,A,H,-,C,A,0,Y,A,1,0,1,4,0,0,0,0,0,0,-,-,OAKLAND,ALAMEDA,CA,0,0
6441235,-122.2088617,37.78425217,2013,109,0,5,4,8,0,2,A,,,,,,300,11,C,E,A,LYON AV,38TH AV,100,E,N,5/13/14,109,11/1/13,246,9137,2,5,7,0,0,,0,24X,-,N,,0,0,,,0,,,,Y,3,A,-,22107,,M,A,H,-,C,D,0,Y,A,1,0,0,2,0,0,0,0,0,0,-,-,OAKLAND,ALAMEDA,CA,0,0
6441251,-122.1898031,37.7719841,2013,109,0,2,4,3,0,1,C,,,,,,1200,11,F,E,A,SEMINARY AV,KINGSLEY CIR,0,,Y,5/13/14,109,11/19/13,1148,9142,2,5,7,0,0,,0,29X,-,N,,0,0,,,0,,,,Y,2,A,-,22350,,N,B,H,-,A,D,0,Y,A,7,0,0,1,0,0,0,0,0,0,-,-,OAKLAND,ALAMEDA,CA,0,0
6441255,-122.2705732,37.80532455,2013,109,0,2,4,10,0,2,C,Y,,,,,2100,11,G,B,B,15TH ST,BROADWAY,0,,Y,5/13/14,109,11/19/13,1938,9109,1,5,7,0,0,,0,04X,-,N,,0,0,,,0,,,,N,3,A,-,21950,A,N,B,H,-,C,A,0,Y,A,1,0,0,2,0,2,0,0,0,0,-,-,OAKLAND,ALAMEDA,CA,0,0
6441259,-122.2245831,37.77698517,2013,109,0,1,4,9,0,1,A,,,,,,600,11,D,C,A,33RD AV,INTERNATIONAL BL,0,,Y,5/13/14,109,11/18/13,541,9137,2,5,7,0,0,,0,23X,-,N,,0,0,,,0,,,,Y,3,A,-,21801,A,N,A,H,-,B,A,0,Y,A,1,0,0,1,0,0,0,0,0,0,-,-,OAKLAND,ALAMEDA,CA,0,0
6441263,-122.2685531,37.80157471,2013,109,0,3,3,10,0,1,A,Y,,,,,1800,11,G,B,B,12TH ST,HARRISON ST,0,,Y,5/13/14,109,11/13/13,1745,9187,1,5,7,0,0,,0,03X,-,N,,0,0,,,0,,,,N,2,A,-,21950,A,N,A,H,-,B,A,0,Y,A,1,0,1,0,0,1,0,0,0,0,-,-,OAKLAND,ALAMEDA,CA,0,0
6441267,-122.2696932,37.8020134,2013,109,0,6,4,12,0,1,A,,,,,,2100,11,D,C,A,WEBSTER ST,12TH ST,0,,Y,5/13/14,109,11/9/13,1927,9127,1,5,7,0,0,,0,03X,-,N,,0,0,,,0,,,,N,2,A,-,21453,A,N,A,H,-,C,A,0,Y,A,1,0,0,1,0,0,0,0,0,0,-,-,OAKLAND,ALAMEDA,CA,0,0
6441271,0,0,2013,109,0,4,4,3,0,3,A,,,,,,1800,11,H,C,A,51ST ST,SHATTUCK AV,72,E,N,5/13/14,109,11/14/13,1652,8695,1,5,7,0,0,,0,11X,-,N,,0,0,,,0,,,,N,3,A,-,22350,,N,A,H,-,B,A,0,Y,A,1,0,0,3,0,0,0,0,0,0,-,-,OAKLAND,ALAMEDA,CA,0,0
6441275,-122.282852,37.80266571,2013,109,0,3,4,9,0,1,A,,Y,,,,1200,11,D,G,A,7TH ST,MARKET ST,50,E,N,5/13/14,109,11/27/13,1112,9132,1,5,7,0,0,,0,02X,-,N,,0,0,,,0,,,,N,2,A,-,21804,A,N,A,H,-,A,A,0,Y,A,1,0,0,1,0,0,0,1,0,0,-,-,OAKLAND,ALAMEDA,CA,0,0
6441930,-122.2878131,37.80833435,2013,109,0,1,4,8,0,1,A,,,,,,900,12,D,C,A,12TH ST,MAGNOLIA ST,0,,Y,5/15/14,109,12/30/13,835,9132,1,5,7,0,0,,0,02X,-,N,,0,0,,,0,,,,N,2,A,-,22100,B,N,A,H,-,A,D,0,Y,A,1,0,0,1,0,0,0,0,0,0,-,-,OAKLAND,ALAMEDA,CA,0,0
6441942,-122.1741868,37.74642944,2013,109,0,6,4,8,0,2,A,,,,,,2100,11,A,E,A,94TH AV,A ST,50,N,N,5/27/14,109,11/23/13,1803,8888,2,5,7,0,0,,0,33X,-,N,,0,0,,,0,,,,N,3,A,-,22107,,N,A,H,-,C,D,0,Y,A,1,0,0,2,0,0,0,0,0,0,-,-,OAKLAND,ALAMEDA,CA,0,0
6442523,-122.2656432,37.8106842,2013,109,0,3,4,11,0,1,A,Y,,,,,1500,12,G,B,B,22ND ST,WEBSTER ST,0,,Y,5/15/14,109,12/11/13,1415,8235,1,5,7,0,0,,0,04X,-,N,,0,0,,,0,,,,N,2,A,-,21950,B,N,A,H,-,A,A,0,Y,N,60,0,0,1,0,1,0,0,0,0,-,-,OAKLAND,ALAMEDA,CA,0,0
6442527,-122.2297832,37.76967621,2013,109,0,6,4,3,0,1,A,,,,,,1500,12,C,C,A,ALAMEDA WY,FRUITVALE AV,0,,Y,5/15/14,109,12/28/13,1314,9136,1,5,7,0,0,,0,19X,-,N,,0,0,,,0,,,,N,3,A,-,22350,,N,A,H,-,A,A,0,Y,A,1,0,0,1,0,0,0,0,0,0,-,-,OAKLAND,ALAMEDA,CA,0,0
6442794,-122.2761431,37.80369568,2013,109,0,5,3,12,0,2,A,,,,,,1500,11,D,C,A,11TH ST,JEFFERSON ST,0,,Y,5/14/14,109,11/1/13,1333,9184,1,5,7,0,0,,0,03V,-,N,,0,0,,,0,,,,Y,2,A,-,21453,A,N,A,H,-,A,A,0,Y,A,1,0,1,1,0,0,0,0,0,0,-,-,OAKLAND,ALAMEDA,CA,0,0
6442798,-122.2659532,37.79627609,2013,109,0,1,3,12,0,2,A,Y,,,,,1800,11,D,C,F,OAK ST,7TH ST,0,,Y,5/14/14,109,11/18/13,1636,9127,1,5,7,0,0,,0,03X,-,N,,0,0,,,0,,,,Y,3,A,-,21453,A,N,A,H,-,A,A,0,Y,A,1,0,1,1,0,1,0,0,0,0,-,-,OAKLAND,ALAMEDA,CA,0,0
6450538,-122.2092188,37.75505447,2013,109,1,2,4,0,0,1,A,,,,,,1800,11,C,C,A,RT 880,66TH AV,500,N,N,5/13/14,9370,11/5/13,1714,20129,,2,7,0,1,,2,176,-,Y,,0,0,,,0,,,,N,2,D,-,0,,N,A,H,-,A,D,0,Y,-,-,0,0,1,0,0,0,0,0,0,-,-,OAKLAND,ALAMEDA,CA,-122.21006,37.75612
6450546,-122.2457311,37.78650665,2013,109,1,2,4,8,0,1,A,,,Y,,,900,11,F,A,A,RT 880,16TH AV,400,N,N,5/13/14,9370,11/5/13,755,19887,,1,7,0,1,,2,177,-,Y,,0,0,,,0,,,,Y,1,A,-,22107,,N,A,H,-,A,D,0,Y,C,2,0,0,1,0,0,0,0,0,1,-,-,OAKLAND,ALAMEDA,CA,-122.1447,37.5134
6450550,0,0,2013,109,3,6,2,8,0,1,A,,,Y,,,1200,11,E,I,A,RT 24,KAY RD,2120,E,N,5/13/14,9370,11/2/13,1047,20586,,1,7,0,1,,2,24,-,Y,,0,0,,,0,,,,N,1,A,-,22107,,N,A,H,-,A,D,0,Y,C,2,1,0,0,0,0,0,0,0,1,-,-,OAKLAND,ALAMEDA,CA,-122.21646,37.85474
6452482,-122.2760031,37.80866623,2013,109,0,5,4,12,0,1,A,,,,,,1200,11,D,C,A,17TH ST,CASTRO ST,0,,Y,5/16/14,109,11/15/13,1032,9097,1,5,7,0,0,,0,04X,-,N,,0,0,,,0,,,,N,2,A,-,21453,A,N,A,H,-,A,A,0,Y,A,1,0,0,1,0,0,0,0,0,0,-,-,OAKLAND,ALAMEDA,CA,0,0
6452486,-122.2513968,37.79356384,2013,109,0,3,3,10,0,1,A,Y,Y,,,,1200,11,H,G,B,INTERNATIONAL BL,8TH AV,10,W,N,5/16/14,109,11/6/13,910,9116,1,5,7,0,0,,0,19X,-,N,,0,0,,,0,,,,N,2,A,-,21950,A,N,A,H,-,A,A,0,Y,L,4,0,1,0,0,1,0,0,0,0,-,-,OAKLAND,ALAMEDA,CA,0,0
6452490,-122.2710731,37.81684494,2013,109,0,1,4,0,0,1,A,,,,,,900,11,D,C,A,27TH ST,NORTHGATE AV,0,,Y,5/16/14,109,11/11/13,818,9139,1,5,7,0,0,,0,08X,-,N,,0,0,,,0,,,,Y,2,D,-,0,,N,A,H,-,A,A,0,Y,-,-,0,0,1,0,0,0,0,0,0,-,-,OAKLAND,ALAMEDA,CA,0,0
6452494,-122.1947776,37.78726196,2013,109,0,3,4,8,0,1,A,,,,,,2100,11,B,E,A,MACARTHUR BL,HIGH ST,40,E,N,5/16/14,109,11/13/13,1910,9120,2,5,7,0,0,,0,25X,-,N,,0,0,,,0,,,,N,2,A,-,22107,,N,A,H,-,C,D,0,Y,A,1,0,0,1,0,0,0,0,0,0,-,-,OAKLAND,ALAMEDA,CA,0,0
6452498,-122.2295259,37.79893112,2013,109,0,4,4,3,0,1,A,,,,,,1800,11,C,C,A,14TH ST,E 31ST ST,5,S,N,5/19/14,109,11/14/13,1546,9158,1,5,7,0,0,,0,17Y,-,N,,0,0,,,0,,,,N,2,A,-,22350,,N,A,H,-,A,A,0,Y,A,1,0,0,1,0,0,0,0,0,0,-,-,OAKLAND,ALAMEDA,CA,0,0
6452502,-122.178003,37.75437546,2013,109,0,6,4,10,0,1,A,Y,,,,,1500,11,G,B,B,84TH AV,INTERNATIONAL BL,0,,Y,5/19/14,109,11/16/13,1305,8411,2,5,7,0,0,,0,33X,-,N,,0,0,,,0,,,,N,2,A,-,21950,A,N,A,H,-,A,A,0,Y,A,8,0,0,1,0,1,0,0,0,0,-,-,OAKLAND,ALAMEDA,CA,0,0
6452504,-122.2717777,37.79858017,2013,109,0,4,4,10,0,1,A,Y,,,,,2100,12,G,B,B,7TH ST,WEBSTER ST,5,E,N,5/15/14,109,12/26/13,1830,8652,1,5,7,0,0,,0,03X,-,N,,0,0,,,0,,,,N,2,A,-,21950,A,N,A,H,-,C,A,0,Y,A,1,0,0,1,0,1,0,0,0,0,-,-,OAKLAND,ALAMEDA,CA,0,0
6452506,-122.1692456,37.74252319,2013,109,0,4,3,5,0,1,B,,,,,,1200,11,A,C,A,INTERNATIONAL BL,100TH AV,63,E,N,5/19/14,109,11/14/13,920,9173,2,5,7,0,0,,0,32X,-,N,,0,0,,,0,,,,Y,2,A,-,21651,A,F,A,H,-,A,D,0,Y,A,1,0,1,0,0,0,0,0,0,0,-,-,OAKLAND,ALAMEDA,CA,0,0
6452510,-122.2257037,37.77753448,2013,109,0,2,4,21,0,1,A,,,,,,1500,11,B,C,A,INTERNATIONAL BL,FRUITVALE AV,50,E,N,5/19/14,109,11/26/13,1319,9090,2,5,7,0,0,,0,23X,-,N,,0,0,,,0,,,,N,2,A,-,22106,,N,A,H,-,A,D,0,Y,A,1,0,0,1,0,0,0,0,0,0,-,-,OAKLAND,ALAMEDA,CA,0,0
6452530,-122.2332331,37.77522659,2013,109,0,2,4,3,0,1,B,,,,,,1500,11,C,C,A,29TH AV,8TH ST,0,,Y,5/19/14,109,11/19/13,1205,9092,1,5,7,0,0,,0,20X,C,N,,0,0,,,0,,,,N,2,A,-,22350,,N,B,H,-,A,A,0,Y,A,1,0,0,1,0,0,0,0,0,0,-,-,OAKLAND,ALAMEDA,CA,0,0
6452557,-122.176154,37.7518692,2013,109,0,1,4,10,0,2,A,Y,,,,,1800,11,G,B,B,INTERNATIONAL BL,87TH AV,35,W,N,5/16/14,109,11/18/13,1706,8817,2,5,7,0,0,,0,24X,-,N,,0,0,,,0,,,,N,3,A,-,21952,,N,A,H,-,A,D,0,Y,A,1,0,0,2,0,2,0,0,0,0,-,-,OAKLAND,ALAMEDA,CA,0,0
6452625,-122.196573,37.75056458,2013,109,0,2,4,3,0,2,A,,,,,,1500,12,C,C,A,HEGENBERGER RD,BALDWIN ST,0,,Y,5/15/14,109,12/24/13,1205,8383,2,5,7,0,0,,0,31X,-,N,,0,0,,,0,,,,N,2,A,-,22350,,N,A,H,-,A,A,0,Y,A,1,0,0,2,0,0,0,0,0,0,-,-,OAKLAND,ALAMEDA,CA,0,0
6452633,-122.2132522,37.8338089,2013,109,0,6,4,8,0,1,A,,,,,,1200,12,B,E,A,THORNHILL DR,GRISBORNE AV,200,N,N,5/15/14,109,12/14/13,951,8824,1,5,7,0,0,,0,13X,-,N,,0,0,,,0,,,,Y,3,A,-,22107,,N,A,H,-,A,D,0,Y,A,1,0,0,1,0,0,0,0,0,0,-,-,OAKLAND,ALAMEDA,CA,0,0