CASEID,POINT_X,POINT_Y,YEAR_,LOCATION,CHPTYPE,DAYWEEK,CRASHSEV,VIOLCAT,KILLED,INJURED,WEATHER1,PEDCOL,BICCOL,MCCOL,TRUCKCOL,ETOH,TIMECAT,MONTH_,CRASHTYP,INVOLVE,PED,PRIMARYRD,SECONDRD,DISTANCE,DIRECT,INTERSECT_,PROCDATE,JURIS,DATE_,TIME_,BADGE,JURIDIST,SHIFT,POP,SPECIAL,BEATTYPE,LAPDDIV,BEATCLAS,BEATNUMB,WEATHER2,STATEHW,CALTRANC,CALTRAND,STROUTE,ROUTESUF,POSTPRE,POSTMILE,LOCATYPE,RAMP,SIDEHW,TOWAWAY,PARTIES,PCF,VIOLCODE,VIOL,VIOLSUB,HITRUN,ROADSURF,RDCOND1,RDCOND2,LIGHTING,RIGHTWAY,CHPRDTYP,NOTPRIV,STFAULT,CHPFAULT,SEVINJ,OTHERINJ,COP,PEDKILL,PEDINJ,BICKILL,BICINJ,MCKILL,MCINJURE,RAMP1,RAMP2,CITY,COUNTY,STATE,X_CHP,Y_CHP
6452637,-122.2714331,37.82858658,2013,109,0,6,4,9,0,1,A,,,,,,1800,12,D,C,A,APGAR ST,WEST ST,0,,Y,5/15/14,109,12/14/13,1730,9127,1,5,7,0,0,,0,06X,-,N,,0,0,,,0,,,,Y,2,A,-,21802,A,N,A,H,-,C,A,0,Y,A,1,0,0,1,0,0,0,0,0,0,-,-,OAKLAND,ALAMEDA,CA,0,0
6454053,-122.2270743,37.77521133,2013,109,0,4,4,3,0,1,A,,,,,,1800,11,C,C,A,FRUITVALE AV,SAN LEANDRO AV,40,S,N,5/23/14,109,11/14/13,1704,8234,1,5,7,0,0,,0,20X,-,N,,0,0,,,0,,,,N,3,A,-,22350,,M,A,H,-,A,D,0,Y,D,22,0,0,1,0,0,0,0,0,0,-,-,OAKLAND,ALAMEDA,CA,0,0
6456397,-122.2207374,37.78290558,2013,109,0,7,4,9,0,1,A,,,,,,2400,9,D,-,A,34TH AV,FOOTHILL BL,50,S,N,4/28/14,109,9/15/13,2303,9137,2,5,7,0,0,,0,23X,-,N,,0,0,,,0,,,,N,2,A,-,21801,A,M,A,H,-,C,D,0,Y,A,1,0,0,1,0,0,0,0,0,0,-,-,OAKLAND,ALAMEDA,CA,0,0
6457594,-122.2747432,37.81288528,2013,109,0,6,4,9,0,2,A,,,,,,300,12,D,C,A,W GRAND AV,BRUSH ST,0,,Y,5/9/14,109,12/14/13,111,9131,1,5,7,0,0,,0,05X,-,N,,0,0,,,0,,,,Y,2,A,-,21802,A,N,A,H,-,C,A,0,Y,A,1,0,0,2,0,0,0,0,0,0,-,-,OAKLAND,ALAMEDA,CA,0,0
6457598,-122.2618131,37.84099579,2013,109,0,5,4,5,0,1,A,,Y,,,,1800,12,D,G,A,TELEGRAPH AV,RT 24,0,,Y,5/9/14,109,12/20/13,1737,8783,1,5,7,0,0,,0,12Y,-,Y,,0,0,,,0,,,,N,2,A,-,21650,1,N,A,H,-,C,A,0,Y,L,4,0,0,1,0,0,0,1,0,0,-,WF,OAKLAND,ALAMEDA,CA,0,0
6460636,-122.2182398,37.80089951,2013,109,0,1,4,3,0,1,A,,,,,,300,12,D,C,A,MACARTHUR BL,CANON AV,100,E,N,5/20/14,109,12/2/13,140,9089,1,5,7,0,0,,0,22X,-,N,,0,0,,,0,,,,N,2,A,-,22350,,M,A,H,-,C,D,0,Y,A,7,0,0,1,0,0,0,0,0,0,-,-,OAKLAND,ALAMEDA,CA,0,0
6460640,-122.1947031,37.79735565,2013,109,0,7,4,9,0,1,C,,,,,,300,12,D,C,A,35TH AV,HARBOR VIEW AV,0,,Y,5/20/14,109,12/8/13,109,8966,2,5,7,0,0,,0,25X,-,N,,0,0,,,0,,,,Y,2,A,-,21801,A,N,B,H,-,A,A,0,Y,A,1,0,0,1,0,0,0,0,0,0,-,-,OAKLAND,ALAMEDA,CA,0,0
6463539,-122.1805141,37.7840538,2013,109,1,3,4,3,0,4,A,,,,,,2400,11,C,C,A,RT 580,RT 13,628,W,N,5/21/14,9370,11/6/13,2126,20050,,2,7,0,1,,2,52,-,Y,,0,0,,,0,,,,Y,2,A,-,22350,,N,A,H,-,D,D,0,Y,A,7,0,0,4,0,0,0,0,0,0,-,-,OAKLAND,ALAMEDA,CA,-122.18058,37.7839
6463548,-122.2321887,37.78903198,2013,109,0,2,4,3,0,1,C,,,,,,2100,11,C,C,A,E 21ST ST,23RD AV,200,W,N,5/20/14,109,11/19/13,1921,8077,1,5,7,0,0,,0,18X,-,N,,0,0,,,0,,,,N,2,A,-,22350,,M,B,H,-,C,D,0,Y,A,1,0,0,1,0,0,0,0,0,0,-,-,OAKLAND,ALAMEDA,CA,0,0
6463560,-122.2510331,37.79912567,2013,109,0,4,4,10,0,1,A,Y,,,,,1500,11,G,B,B,E 18TH ST,PARK BL,0,,Y,5/20/14,109,11/14/13,1220,8337,1,5,7,0,0,,0,17X,-,N,,0,0,,,0,,,,N,2,A,-,21950,A,N,A,H,-,A,A,0,Y,A,1,0,0,1,0,1,0,0,0,0,-,-,OAKLAND,ALAMEDA,CA,0,0
6463564,-122.2724788,37.82479095,2013,109,0,1,4,8,0,1,A,,,,,,1800,11,C,E,A,35TH ST,WEST ST,20,W,N,5/20/14,109,11/18/13,1533,8681,1,5,7,0,0,,0,06X,-,N,,0,0,,,0,,,,N,2,A,-,22107,,N,A,H,-,A,A,0,Y,A,1,0,0,1,0,0,0,0,0,0,-,-,OAKLAND,ALAMEDA,CA,0,0
6463568,-122.2645831,37.84044647,2013,109,0,6,4,-,0,1,A,,,,,,1800,11,D,C,A,55TH ST,SHATTUCK AV,0,,Y,5/21/14,109,11/16/13,1645,8655,1,5,7,0,0,,0,11X,-,N,,0,0,,,0,,,,N,2,A,-,0,,N,A,H,-,A,A,0,Y,-,-,0,0,1,0,0,0,0,0,0,-,-,OAKLAND,ALAMEDA,CA,0,0
6463576,-122.2964489,37.82027054,2013,109,1,3,4,12,0,1,A,,,,,,1200,11,C,C,A,RT 80,W GRAND AV,600,E,N,5/21/14,9370,11/6/13,1025,20644,,1,7,0,1,,2,8,-,Y,,0,0,,,0,,,,Y,3,A,-,22450,,N,A,H,-,A,D,0,Y,A,1,0,0,1,0,0,0,0,0,0,-,-,OAKLAND,ALAMEDA,CA,-122.18208,37.49433
6463580,-122.192636,37.80573654,2013,109,3,3,4,3,0,1,A,,,,,,2100,11,C,C,A,RT 13,JOAQUIN MILLER RD,2323,S,N,5/21/14,9370,11/6/13,2026,19160,,2,7,0,1,,2,13,-,Y,,0,0,,,0,,,,Y,2,A,-,22350,,N,A,H,-,D,D,0,Y,A,7,0,0,1,0,0,0,0,0,0,-,-,OAKLAND,ALAMEDA,CA,-122.19237,37.80569
6463584,-122.2434954,37.7892189,2013,109,0,3,2,10,0,1,A,Y,,,,,900,11,G,B,B,E 15TH ST,16TH AV,15,W,N,5/20/14,109,11/13/13,740,9116,1,5,7,0,0,,0,19X,-,N,,0,0,,,0,,,,N,2,A,-,21950,A,N,A,H,-,A,A,0,Y,A,1,1,0,0,0,1,0,0,0,0,-,-,OAKLAND,ALAMEDA,CA,0,0
6463592,0,0,2013,109,0,3,3,17,0,1,C,,Y,,,,1200,11,H,G,A,TELEGRAPH AV,50TH ST,0,,Y,5/20/14,109,11/20/13,920,8417,1,5,7,0,0,,0,12X,-,N,,0,0,,,0,,,,N,2,A,-,22517,,N,B,H,-,A,A,0,Y,A,1,0,1,0,0,0,0,1,0,0,-,-,OAKLAND,ALAMEDA,CA,0,0
6463596,-122.2455844,37.78643417,2013,109,1,1,4,3,0,1,A,,,,,,900,11,C,C,A,RT 880,16TH AV,350,N,N,5/21/14,9370,11/4/13,740,19887,,1,7,0,1,,2,177,-,Y,,0,0,,,0,,,,N,2,A,-,22350,,N,A,H,-,A,D,0,Y,A,1,0,0,1,0,0,0,0,0,0,-,-,OAKLAND,ALAMEDA,CA,-122.1447,37.5158
6463606,-122.2042114,37.79293442,2013,109,1,2,4,3,0,1,A,,,,,,1800,11,C,C,A,RT 580,35TH AV,350,W,N,5/13/14,9370,11/5/13,1555,18954,,2,7,0,1,,2,53,-,Y,,0,0,,,0,,,,N,2,A,-,22350,,N,A,H,-,A,D,0,Y,A,1,0,0,1,0,0,0,0,0,0,-,-,OAKLAND,ALAMEDA,CA,-122.2292,37.79713
6463642,-122.1830348,37.79544067,2013,109,3,2,4,18,0,1,A,,,Y,,,300,11,E,I,A,RT 13,REDWOOD AV,1375,S,N,5/13/14,9370,11/5/13,156,19812,,3,7,0,1,,2,13,-,Y,,0,0,,,0,,,,Y,1,C,-,0,,N,A,H,-,D,D,0,Y,-,-,0,0,1,0,0,0,0,0,1,-,-,OAKLAND,ALAMEDA,CA,-122.18121,37.78919
6463646,0,0,2013,109,1,1,4,3,0,1,A,,,Y,,,1200,11,C,C,A,RT 580,MANDELA PKWY,1658,W,N,5/13/14,9370,11/4/13,914,18579,,1,7,0,1,,2,55,-,Y,,0,0,,,0,,,,Y,2,A,-,22350,,N,A,H,-,A,D,0,Y,C,2,0,0,1,0,0,0,0,0,1,-,-,OAKLAND,ALAMEDA,CA,-122.17424,37.49004
6463712,0,0,2013,109,3,2,4,3,0,1,A,,,Y,,,1800,11,C,C,A,RT 13,CALAVERAS AV,1320,N,N,5/9/14,9370,11/5/13,1720,18182,,2,7,0,1,,2,13,-,Y,,0,0,,,0,,,,Y,2,A,-,22350,,N,A,H,-,C,D,0,Y,C,2,0,0,1,0,0,0,0,0,1,-,-,OAKLAND,ALAMEDA,CA,-122.18093,37.7876
6463760,-122.2360205,37.78475189,2013,109,0,5,4,3,0,1,A,Y,,,,,300,11,B,C,E,E 15TH ST,23RD AV,300,W,N,5/9/14,109,11/29/13,115,9169,1,5,7,0,0,,0,19X,-,N,,0,0,,,0,,,,N,3,A,-,22350,,M,A,H,-,C,D,0,Y,-,-,0,0,1,0,1,0,0,0,0,-,-,OAKLAND,ALAMEDA,CA,0,0
6463773,-122.2096231,37.77363586,2013,109,0,5,4,3,0,1,A,,,,,,1200,7,B,C,A,46TH AV,FOOTHILL BL,0,,Y,4/21/14,109,7/5/13,1150,8494,2,5,7,0,0,,0,27X,-,N,,0,0,,,0,,,,N,2,A,-,22350,,M,A,H,-,A,D,0,Y,A,1,0,0,1,0,0,0,0,0,0,-,-,OAKLAND,ALAMEDA,CA,0,0
6463796,0,0,2013,109,1,4,3,3,0,1,A,,,,,,2400,10,C,C,A,RT 80,SFOBB TOLL PLZ,2100,E,N,4/24/14,9370,10/31/13,2230,20235,,3,7,0,1,,2,54,-,Y,,0,0,,,0,,,,Y,2,A,-,22350,,N,A,H,-,A,D,0,Y,A,1,0,1,0,0,0,0,0,0,0,-,-,OAKLAND,ALAMEDA,CA,-122.3056,37.82531
6463808,-122.2266987,37.80036163,2013,109,1,2,3,3,0,1,A,,,,,,1200,10,C,C,A,RT 580,14TH AV,50,E,N,4/24/14,9370,10/15/13,925,14859,,1,7,0,1,,2,53,-,Y,,0,0,,,0,,,,Y,2,A,-,22350,,N,A,H,-,A,D,0,Y,A,1,0,1,0,0,0,0,0,0,0,-,-,OAKLAND,ALAMEDA,CA,-122.22634,37.80474
6468429,-122.2610432,37.82069397,2013,109,0,5,3,8,0,1,A,,,Y,,,1800,9,H,A,A,BROADWAY,HAWTHORNE AV,0,,Y,7/10/14,109,9/6/13,1705,8684,1,5,7,0,0,,0,08X,-,N,,0,0,,,0,,,,N,2,A,-,22107,,N,A,H,-,A,A,0,Y,A,1,0,1,0,0,0,0,0,0,1,-,-,OAKLAND,ALAMEDA,CA,0,0
6472598,-122.2364666,37.84904861,2013,109,3,2,4,3,0,2,A,,,,Y,,900,11,C,C,A,RT 24,GOLDEN GATE AV,1071,E,N,7/3/14,9370,11/5/13,845,18579,,1,7,0,1,,2,24,-,Y,,0,0,,,0,,,,Y,7,A,-,22350,,N,A,H,-,A,D,0,Y,G,25,0,0,2,0,0,0,0,0,0,-,-,OAKLAND,ALAMEDA,CA,-122.14131,37.50583
6472618,-122.2909232,37.81743622,2013,109,0,3,4,9,0,1,A,,,,Y,,1200,12,H,C,A,W GRAND AV,CAMPBELL ST,0,,Y,5/20/14,109,12/11/13,942,9132,1,5,7,0,0,,0,05Y,-,N,,0,0,,,0,,,,N,2,A,-,21802,A,N,A,H,-,A,A,0,Y,A,1,0,0,1,0,0,0,0,0,0,-,-,OAKLAND,ALAMEDA,CA,0,0
6472630,-122.1844232,37.76767349,2013,109,0,4,4,6,0,1,A,,,,,,1500,12,B,C,A,HAVENSCOURT BL,ARTHUR ST,0,,Y,5/20/14,109,12/26/13,1258,9130,2,5,7,0,0,,0,30X,-,N,,0,0,,,0,,,,N,2,A,-,21755,,N,A,H,-,A,A,0,Y,A,1,0,0,1,0,0,0,0,0,0,-,-,OAKLAND,ALAMEDA,CA,0,0
6475147,-122.254757,37.79512787,2013,109,0,5,4,17,0,1,A,,Y,,,,1200,12,H,G,A,5TH AV,12TH ST,25,E,N,5/20/14,109,12/20/13,1130,9116,1,5,7,0,0,,0,19X,-,N,,0,0,,,0,,,,N,2,A,-,22517,,N,A,H,-,A,D,0,Y,A,7,0,0,1,0,0,0,1,0,0,-,-,OAKLAND,ALAMEDA,CA,0,0
6477768,-122.2171631,37.77065659,2013,109,0,3,4,9,0,2,A,,,,,,1800,12,D,C,A,HIGH ST,SAN LEANDRO ST,0,,Y,5/20/14,109,12/18/13,1530,9138,2,5,7,0,0,,0,26X,-,N,,0,0,,,0,,,,Y,2,A,-,21801,A,N,A,H,-,A,A,0,Y,A,1,0,0,2,0,0,0,0,0,0,-,-,OAKLAND,ALAMEDA,CA,0,0
6477839,-122.2187031,37.78263474,2013,109,0,3,4,5,0,1,A,,,,,,2100,10,A,C,A,35TH AV,EDEN LN,0,,Y,5/20/14,109,10/2/13,2045,8104,2,5,7,0,0,,0,24X,-,N,,0,0,,,0,,,,N,3,A,-,21460,A,M,A,H,-,C,D,0,Y,-,99,0,0,1,0,0,0,0,0,0,-,-,OAKLAND,ALAMEDA,CA,0,0
6485772,-122.2225774,37.78369141,2013,109,0,4,4,17,0,1,A,,Y,,,Y,1500,8,H,G,A,FOOTHILL BL,FRUITVALE AV,60,E,N,5/27/14,109,8/1/13,1445,8997,2,5,7,0,0,,0,23X,-,N,,0,0,,,0,,,,N,2,A,-,21208,A,M,A,H,-,A,D,0,Y,L,4,0,0,1,0,0,0,1,0,0,-,-,OAKLAND,ALAMEDA,CA,0,0
6487147,-122.2117831,37.77470398,2013,109,0,6,4,12,0,2,A,,,,,,600,11,D,C,A,FOOTHILL BL,HIGH ST,0,,Y,5/30/14,109,11/9/13,434,9107,2,5,7,0,0,,0,26X,-,N,,0,0,,,0,,,,N,2,A,-,21453,A,N,A,H,-,C,A,0,Y,A,1,0,0,2,0,0,0,0,0,0,-,-,OAKLAND,ALAMEDA,CA,0,0
6494707,-122.2223277,37.8074913,2013,109,0,7,4,3,0,2,A,,,,,,1200,11,C,C,A,PARK BL,GLENFIELD,55,N,N,7/22/14,109,11/10/13,1059,8444,1,5,7,0,0,,0,16X,-,N,,0,0,,,0,,,,N,2,A,-,22350,,N,A,H,-,A,D,0,Y,A,7,0,0,2,0,0,0,0,0,0,-,-,OAKLAND,ALAMEDA,CA,0,0
6537226,-122.1620532,37.74847412,2013,109,0,4,2,12,0,2,A,,,,,,1800,9,D,C,A,BANCROFT AV,98TH AV,0,,Y,6/30/14,109,9/5/13,1707,8549,5,5,7,0,0,,0,34X,-,N,,0,0,,,0,,,,Y,2,A,-,21453,A,F,A,H,-,A,A,0,Y,A,1,2,0,0,0,0,0,0,0,0,-,-,OAKLAND,ALAMEDA,CA,0,0
6537238,-122.2505831,37.805233,2013,109,0,6,3,9,0,1,A,,Y,,,,1500,11,D,G,A,LAKESHORE AV,BROOKLYN AV,0,,Y,6/30/14,109,11/30/13,1222,9190,1,5,7,0,0,,0,15X,-,N,,0,0,,,0,,,,N,2,A,-,21801,A,N,A,H,-,A,A,0,Y,A,1,0,1,0,0,0,0,1,0,0,-,-,OAKLAND,ALAMEDA,CA,0,0
6537254,-122.2153332,37.77780533,2013,109,0,7,4,18,0,1,A,,,,,,1200,12,A,I,A,FOOTHILL BL,40TH AV,0,,Y,6/30/14,109,12/1/13,1129,8806,2,5,7,0,0,,0,24X,-,N,,0,0,,,0,,,,N,2,C,-,0,,N,A,H,-,A,A,0,Y,-,-,0,0,1,0,0,0,0,0,0,-,-,OAKLAND,ALAMEDA,CA,0,0
6550784,-122.2063555,37.76157379,2013,109,0,1,2,9,0,3,A,,,,Y,,1500,10,D,C,A,SAN LEANDRO BL,SEMINARY AV,331,W,N,7/22/14,109,10/21/13,1331,912,2,5,7,0,0,,0,26X,-,N,,0,0,,,0,,,,Y,2,A,-,21801,B,N,A,H,-,A,D,0,Y,D,22,1,0,2,0,0,0,0,0,0,-,-,OAKLAND,ALAMEDA,CA,0,0
6556291,-122.2658232,37.79878616,2013,109,0,6,4,10,0,1,A,Y,,,,,1800,12,G,B,B,10TH ST,MADISON ST,0,,Y,9/23/14,109,12/21/13,1507,9127,1,5,7,0,0,,0,03X,-,N,,0,0,,,0,,,,N,2,A,-,21950,A,N,A,H,-,A,A,0,Y,A,1,0,0,1,0,1,0,0,0,0,-,-,OAKLAND,ALAMEDA,CA,0,0
6556303,-122.269647,37.8250618,2013,109,0,2,3,5,0,1,A,,Y,,,,1500,7,H,G,A,MARTIN LUTHER KING JR WY,36TH ST,40,N,N,9/23/14,109,7/30/13,1436,7725,1,5,7,0,0,,0,06X,-,N,,0,0,,,0,,,,N,2,A,-,21202,A,F,A,H,-,A,D,0,Y,L,4,0,1,0,0,0,0,1,0,0,-,-,OAKLAND,ALAMEDA,CA,0,0
6556307,-122.2710731,37.81684494,2013,109,0,3,4,12,0,1,A,,,,,,1800,9,D,C,A,27TH ST,NORTHGATE ST,0,,Y,9/23/14,109,9/18/13,1731,8506,1,5,7,0,0,,0,06X,-,N,,0,0,,,0,,,,Y,2,A,-,21453,A,N,A,H,-,A,A,0,Y,A,7,0,0,1,0,0,0,0,0,0,-,-,OAKLAND,ALAMEDA,CA,0,0
6556311,-122.2637867,37.81543732,2013,109,0,6,4,4,0,3,A,,,,,,1200,10,C,C,A,27TH ST,BROADWAY,150,S,N,9/23/14,109,10/26/13,950,9113,1,5,7,0,0,,0,08X,-,N,,0,0,,,0,,,,N,2,A,-,21703,,N,A,H,-,A,A,0,Y,A,7,0,0,3,0,0,0,0,0,0,-,-,OAKLAND,ALAMEDA,CA,0,0
6558561,-122.2532428,37.83319473,2013,109,0,4,3,5,0,1,A,,Y,,,,1200,6,H,G,A,WHITMORE ST,BROADWAY,3,E,N,8/14/14,109,6/20/13,1104,8203,1,5,7,0,0,,0,01X,-,N,,0,0,,,0,,,,N,2,A,-,21650,1,N,A,H,-,A,A,0,Y,L,4,0,1,0,0,0,0,1,0,0,-,-,OAKLAND,ALAMEDA,CA,0,0
6578241,-122.2724757,37.80791092,2013,109,0,2,4,8,0,2,A,,,,,,1200,10,B,E,A,18TH ST,SAN PABLO AV,20,E,N,8/11/14,109,10/29/13,1115,8113,1,5,7,0,0,,0,04X,-,N,,0,0,,,0,,,,Y,2,A,-,22107,,N,A,H,-,A,D,0,Y,D,23,0,0,2,0,0,0,0,0,0,-,-,OAKLAND,ALAMEDA,CA,0,0
6578254,-122.2333232,37.78575516,2013,109,0,6,4,9,0,1,A,,,,,,1200,12,D,C,A,23RD AV,17TH ST,0,,Y,8/11/14,109,12/14/13,1030,9089,1,5,7,0,0,,0,20X,-,N,,0,0,,,0,,,,N,2,A,-,21802,A,N,A,H,-,A,A,0,Y,I,9,0,0,1,0,0,0,0,0,0,-,-,OAKLAND,ALAMEDA,CA,0,0
6586380,-122.2655031,37.79696655,2013,109,0,6,4,12,0,2,A,,,,,,2400,8,D,C,A,8TH ST,OAK ST,0,,Y,8/14/14,109,8/24/13,2210,8898,1,5,7,0,0,,0,03X,-,N,,0,0,,,0,,,,N,2,A,-,21453,A,N,A,H,-,C,A,0,Y,-,-,0,0,2,0,0,0,0,0,0,-,-,OAKLAND,ALAMEDA,CA,0,0
6586384,-122.1994232,37.79245377,2013,109,0,7,4,8,0,2,A,,,Y,,,1800,10,B,C,A,MACARTHUR BL,LOMA VISTA AV,0,,Y,8/14/14,109,10/20/13,1500,8978,2,5,7,0,0,,0,25X,-,N,,0,0,,,0,,,,N,2,A,-,22107,,N,A,H,-,A,A,0,Y,A,7,0,0,2,0,0,0,0,0,2,-,-,OAKLAND,ALAMEDA,CA,0,0
6606068,-122.2364403,37.78370285,2013,109,0,5,1,1,1,1,A,Y,,,,,2100,9,G,B,E,INTERNATIONAL BL,23RD AV,173,W,N,1/17/15,109,9/20/13,1948,8483,3,5,7,0,0,,0,18Y,-,N,,0,0,,,0,,,,Y,3,A,-,23152,A,N,A,H,-,C,D,0,Y,D,22,0,0,1,1,0,0,0,0,0,-,-,OAKLAND,ALAMEDA,CA,0,0
6606107,0,0,2013,109,0,6,1,3,1,5,E,,,,,,300,1,E,I,A,ELYSIAN FIELDS DR,IRONWOOD CT,20,S,N,9/19/14,109,1/26/13,240,8549,5,5,7,0,0,,0,35Y,-,N,,0,0,,,0,,,,Y,1,A,-,22350,,F,A,H,-,C,D,0,Y,A,7,5,0,0,0,0,0,0,0,0,-,-,OAKLAND,ALAMEDA,CA,0,0
6606150,-122.1859838,37.74129868,2013,109,0,6,1,3,1,1,A,,,Y,Y,,1800,11,D,C,A,RAILROAD AV,LOUISIANA ST,298,W,N,9/24/14,109,11/30/13,1659,8610,,5,7,0,0,,0,31Y,-,N,,0,0,,,0,,,,Y,3,A,-,22350,,N,A,H,-,A,D,0,Y,C,2,0,0,1,0,0,0,0,1,1,-,-,OAKLAND,ALAMEDA,CA,0,0
6619558,-122.2749931,37.81485367,2013,109,0,4,2,10,0,1,A,Y,,,,,2400,10,G,B,B,WEST ST,ISABELLA ST,0,,Y,9/16/14,109,10/24/13,2334,9110,1,5,7,0,0,,0,07X,-,N,,0,0,,,0,,,,N,2,A,-,21950,A,M,A,H,-,C,A,0,Y,A,1,1,0,0,0,1,0,0,0,0,-,-,OAKLAND,ALAMEDA,CA,0,0
6624358,-122.1769031,37.74129486,2013,109,0,7,4,3,0,3,A,,,,,,1500,10,C,C,A,98TH AV,E ST,0,,Y,9/26/14,109,10/6/13,1300,8822,2,5,7,0,0,,0,33X,-,N,,0,0,,,0,,,,N,3,A,-,22350,,M,A,H,-,A,A,0,Y,D,22,0,0,3,0,0,0,0,0,0,-,-,OAKLAND,ALAMEDA,CA,0,0
6709411,-122.2227332,37.77609634,2013,109,0,5,4,8,0,1,A,,,,Y,,600,6,D,C,A,INTERNATIONAL BL,35TH AV,0,,N,12/22/14,109,6/28/13,535,7704,2,5,7,0,0,,0,23X,-,N,,0,0,,,0,,,,N,2,A,-,22107,,N,A,H,-,B,A,0,Y,F,26,0,0,1,0,0,0,0,0,0,-,-,OAKLAND,ALAMEDA,CA,0,0
5912195,-122.2352031,37.805465,2014,109,1,3,1,8,1,1,A,,,,,,300,1,E,I,A,RT 580,PARK BL,373,W,N,5/19/14,9370,1/1/14,233,18712,,3,7,0,1,,2,54,-,Y,ALA,4,580,-,-,42.74,H,-,W,Y,1,A,-,22107,,N,A,H,-,D,D,1,Y,A,7,0,0,1,0,0,0,0,0,0,FR,-,OAKLAND,ALAMEDA,CA,-122.23458,37.8053
6290385,-122.1676261,37.77781877,2014,109,1,3,1,11,1,0,B,Y,,,,Y,300,1,G,B,E,RT 580,EDWARDS AV,785,W,N,5/15/14,9370,1/15/14,110,19812,,3,7,0,1,,2,52,-,Y,ALA,4,580,-,R,38.48,H,-,E,Y,2,A,-,21954,A,N,A,H,-,C,D,1,Y,N,60,0,0,0,1,0,0,0,0,0,-,-,OAKLAND,ALAMEDA,CA,-122.16686,37.7775
6290387,-122.2739531,37.825665,2014,109,1,5,1,8,1,0,A,,,Y,,Y,2400,1,E,I,A,RT 980,34TH ST,375,E,N,5/15/14,9370,1/24/14,2258,20155,,3,7,0,1,,2,98,-,Y,ALA,4,580,-,-,45.401,R,2,W,Y,1,A,-,22107,,N,A,H,-,D,D,1,Y,C,2,0,0,0,0,0,0,0,1,0,TO,-,OAKLAND,ALAMEDA,CA,-122.26867,37.82393
6290588,-122.286125,37.82689235,2014,109,1,5,1,7,1,0,A,,,Y,,,900,1,F,A,A,RT 580,RT 880,2500,E,N,9/15/14,9370,1/10/14,620,20447,,1,7,0,1,,2,55,-,Y,ALA,4,580,-,-,45.99,H,-,W,Y,3,A,-,21658,A,N,A,H,-,C,D,1,Y,C,2,0,0,0,0,0,0,0,1,0,-,-,OAKLAND,ALAMEDA,CA,-122.28395,37.82744
6290735,-122.2662045,37.83470815,2014,109,3,5,1,3,1,1,B,,,,,,600,2,C,C,A,RT 24,45TH ST,87,E,N,9/15/14,9370,2/28/14,455,19059,,3,7,0,1,,2,25,C,Y,ALA,4,24,-,R,2.49,H,-,W,Y,2,A,-,22350,,N,B,F,G,D,D,1,Y,A,1,0,0,1,0,0,0,0,0,0,-,-,OAKLAND,ALAMEDA,CA,-122.2661,37.85329
6291152,-122.3181167,37.80773712,2014,109,0,5,1,3,1,1,A,,,,,,300,1,E,I,A,MARITIME ST,7TH ST,1056,S,N,8/20/14,109,1/10/14,5,8549,1,5,7,0,0,,0,02X,-,N,,0,0,,,0,,,,Y,1,A,-,22350,,N,A,H,-,C,D,0,Y,A,1,1,0,0,0,0,0,0,0,0,-,-,OAKLAND,ALAMEDA,CA,0,0
6291529,-122.1867382,37.79987472,2014,109,3,1,1,8,1,0,A,,,,,,300,7,E,I,A,RT 13,REDWOOD RD,285,N,N,11/4/14,9370,7/14/14,108,20206,,3,7,0,1,,2,13,-,Y,ALA,4,13,-,-,5.44,H,-,S,Y,1,A,-,22107,,N,A,H,-,C,D,1,Y,A,1,0,0,0,0,0,0,0,0,0,-,-,OAKLAND,ALAMEDA,CA,-122.18583,37.79901
6291553,-122.1560057,37.77140429,2014,109,1,6,1,8,1,1,A,,,,,,1500,9,F,A,A,RT 580,KELLER AV,499,E,N,11/10/14,9370,9/13/14,1355,20235,,1,7,0,1,,2,52,-,Y,ALA,4,580,-,R,37.71,H,-,E,Y,1,A,-,22107,,N,A,H,-,A,D,1,Y,B,7,0,0,1,0,0,0,0,0,0,-,-,OAKLAND,ALAMEDA,CA,-122.15553,37.77094
6291858,-122.2010495,37.74571888,2014,109,1,6,1,8,1,0,A,,,Y,,Y,600,8,E,I,A,RT 880,HEGENBERGER RD,1890,N,N,1/23/15,9370,8/23/14,310,20279,,3,7,0,1,,2,176,-,Y,ALA,4,880,-,-,25.85,H,-,S,Y,2,A,-,22107,,N,A,H,-,D,D,1,Y,C,2,0,0,0,0,0,0,0,1,0,-,-,OAKLAND,ALAMEDA,CA,-122.20083,37.74572
6292027,-122.1797331,37.73916495,2014,109,0,5,1,1,1,2,A,,,,,Y,2400,2,D,C,A,SAN LEANDRO ST,98TH AV,0,,Y,3/19/15,109,2/14/14,2133,8709,2,5,7,0,0,,0,32X,-,N,,0,0,,,0,,,,N,3,A,-,23152,A,N,A,H,-,C,A,0,Y,A,8,0,0,2,0,0,0,0,0,0,-,-,OAKLAND,ALAMEDA,CA,0,0