CASEID,POINT_X,POINT_Y,YEAR_,LOCATION,CHPTYPE,DAYWEEK,CRASHSEV,VIOLCAT,KILLED,INJURED,WEATHER1,PEDCOL,BICCOL,MCCOL,TRUCKCOL,ETOH,TIMECAT,MONTH_,CRASHTYP,INVOLVE,PED,PRIMARYRD,SECONDRD,DISTANCE,DIRECT,INTERSECT_,PROCDATE,JURIS,DATE_,TIME_,BADGE,JURIDIST,SHIFT,POP,SPECIAL,BEATTYPE,LAPDDIV,BEATCLAS,BEATNUMB,WEATHER2,STATEHW,CALTRANC,CALTRAND,STROUTE,ROUTESUF,POSTPRE,POSTMILE,LOCATYPE,RAMP,SIDEHW,TOWAWAY,PARTIES,PCF,VIOLCODE,VIOL,VIOLSUB,HITRUN,ROADSURF,RDCOND1,RDCOND2,LIGHTING,RIGHTWAY,CHPRDTYP,NOTPRIV,STFAULT,CHPFAULT,SEVINJ,OTHERINJ,COP,PEDKILL,PEDINJ,BICKILL,BICINJ,MCKILL,MCINJURE,RAMP1,RAMP2,CITY,COUNTY,STATE,X_CHP,Y_CHP
6587550,-122.1726784,37.74716329,2014,109,0,2,4,3,0,1,A,,,,,,2100,7,B,C,A,INTERNATIONAL BL,94TH AV,8,W,N,8/15/14,109,7/8/14,1920,9235,2,5,7,0,0,,0,34X,-,N,,0,0,,,0,,,,N,3,A,-,22350,,M,A,H,-,A,A,0,Y,D,22,0,0,1,0,0,0,0,0,0,-,-,OAKLAND,ALAMEDA,CA,0,0
6587554,-122.1890396,37.82353713,2014,109,0,2,4,8,0,1,A,,Y,,,,2100,7,H,G,A,ASCOT DR,MELVILLE DR,50,S,N,8/15/14,109,7/29/14,1954,9115,1,5,7,0,0,,0,13Z,-,N,,0,0,,,0,,,,N,2,A,-,22107,,N,A,H,-,A,D,0,Y,A,1,0,0,1,0,0,0,1,0,0,-,-,OAKLAND,ALAMEDA,CA,0,0
6587594,-122.1541579,37.77233137,2014,109,0,3,4,1,0,1,A,,,,,Y,1500,7,B,C,A,KELLER AV,GREENRIDGE DR,14,S,N,8/15/14,109,7/2/14,1406,8163,2,5,7,0,0,,0,25Y,-,N,,0,0,,,0,,,,Y,4,A,-,23152,A,N,A,H,-,A,D,0,Y,A,1,0,0,1,0,0,0,0,0,0,-,-,OAKLAND,ALAMEDA,CA,0,0
6587598,-122.1726131,37.74924485,2014,109,0,7,4,1,0,3,A,,,,,Y,2100,7,D,C,A,92ND AV,HOLLY ST,0,,Y,8/15/14,109,7/20/14,2027,9120,2,5,7,0,0,,0,34X,-,N,,0,0,,,0,,,,Y,2,A,-,23152,A,N,A,H,-,B,D,0,Y,A,1,0,0,3,0,0,0,0,0,0,-,-,OAKLAND,ALAMEDA,CA,0,0
6587719,-122.246171,37.81434979,2014,109,0,2,4,3,0,1,A,,,,,,1800,6,C,C,A,GRAND AV,MANDANA AV,50,N,N,8/26/14,109,6/10/14,1716,8366,1,5,7,0,0,,0,14Y,-,N,,0,0,,,0,,,,N,3,A,-,22350,,N,A,H,-,A,A,0,Y,D,22,0,0,1,0,0,0,0,0,0,-,-,OAKLAND,ALAMEDA,CA,0,0
6587806,-122.165833,37.75356487,2014,109,0,3,3,3,0,1,A,,,,,,2100,6,D,C,A,BANCROFT AV,90TH AV,0,,Y,9/3/14,109,6/25/14,1935,9242,2,5,7,0,0,,0,35X,-,N,,0,0,,,0,,,,Y,2,A,-,22350,,N,A,H,-,A,A,0,Y,A,7,0,1,0,0,0,0,0,0,0,-,-,OAKLAND,ALAMEDA,CA,0,0
6587810,-122.2642331,37.83785487,2014,109,0,3,4,12,0,2,A,,,,,,2400,6,D,C,A,SHATTUCK AV,52ND ST,0,,Y,9/3/14,109,6/11/14,2325,8101,1,5,7,0,0,,0,11X,-,N,,0,0,,,0,,,,Y,2,A,-,21453,A,N,A,H,-,C,A,0,Y,A,1,0,0,2,0,0,0,0,0,0,-,-,OAKLAND,ALAMEDA,CA,0,0
6587814,-122.2373831,37.78688488,2014,109,0,4,4,12,0,1,A,,,,,,1200,6,D,C,A,FOOTHILL BL,21ST AV,0,,Y,9/3/14,109,6/19/14,1100,8270,1,5,7,0,0,,0,19X,-,N,,0,0,,,0,,,,Y,2,A,-,22450,A,N,A,H,-,A,A,0,Y,A,1,0,0,1,0,0,0,0,0,0,-,-,OAKLAND,ALAMEDA,CA,0,0
6587818,-122.2125231,37.77413487,2014,109,0,3,4,10,0,1,A,Y,,,,,2100,6,G,B,B,BOND ST,HIGH ST,0,,Y,9/3/14,109,6/25/14,1923,9216,2,5,7,0,0,,0,27X,-,N,,0,0,,,0,,,,N,2,A,-,21950,A,N,A,H,-,A,A,0,Y,A,1,0,0,1,0,1,0,0,0,0,-,-,OAKLAND,ALAMEDA,CA,0,0
6587822,-122.2691301,37.79582988,2014,109,0,2,4,9,0,1,A,Y,,,,,900,6,G,B,B,JACKSON ST,5TH ST,2,N,N,9/3/14,109,6/24/14,828,9217,1,5,7,0,0,,0,01X,-,N,,0,0,,,0,,,,N,2,A,-,21801,A,N,A,H,-,A,A,0,Y,A,1,0,0,1,0,1,0,0,0,0,-,-,OAKLAND,ALAMEDA,CA,0,0
6588292,0,0,2014,109,0,2,4,9,0,2,A,,,,,,1800,6,D,C,A,ADELLE ST,56TH ST,90,S,N,8/23/14,109,6/10/14,1540,8380,1,5,7,0,0,,0,10X,-,N,,0,0,,,0,,,,N,2,A,-,21801,A,N,A,H,-,A,D,0,Y,A,8,0,0,2,0,0,0,0,0,0,-,-,OAKLAND,ALAMEDA,CA,0,0
6588296,-122.2678932,37.79787496,2014,109,0,6,3,12,0,1,A,,,,,,2100,6,D,C,A,8TH ST,JACKSON ST,0,,Y,8/23/14,109,6/7/14,1853,9197,1,5,7,0,0,,0,03X,-,N,,0,0,,,0,,,,N,2,A,-,21453,A,N,A,H,-,A,A,0,Y,A,1,0,1,0,0,0,0,0,0,0,-,-,OAKLAND,ALAMEDA,CA,0,0
6588300,-122.2619136,37.84030458,2014,109,0,3,4,4,0,1,A,,,,,,1500,6,C,C,A,TELEGRAPH,55TH ST,40,N,N,8/23/14,109,6/4/14,1253,9190,1,5,7,0,0,,0,12X,-,N,,0,0,,,0,,,,N,2,A,-,21703,,N,A,H,-,A,A,0,Y,A,1,0,0,1,0,0,0,0,0,0,-,-,OAKLAND,ALAMEDA,CA,0,0
6588304,-122.2742554,37.81319713,2014,109,0,5,4,9,0,1,A,,,,,,1800,6,H,A,A,SAN PABLO AV,W GRAND AV,140,N,N,8/23/14,109,6/27/14,1545,9215,1,5,7,0,0,,0,06X,-,N,,0,0,,,0,,,,N,2,A,-,21801,B,N,A,H,-,A,A,0,Y,A,1,0,0,1,0,0,0,0,0,0,-,-,OAKLAND,ALAMEDA,CA,0,0
6588308,-122.2009257,37.75695483,2014,109,0,4,4,9,0,2,A,,,,,,1800,6,B,C,A,SAN LEANDRO ST,66TH AV,60,W,N,8/23/14,109,6/26/14,1650,8624,2,5,7,0,0,,0,26Y,-,N,,0,0,,,0,,,,N,2,A,-,21804,,N,A,H,-,A,A,0,Y,A,8,0,0,2,0,0,0,0,0,0,-,-,OAKLAND,ALAMEDA,CA,0,0
6588312,-122.2538532,37.79573495,2014,109,0,3,4,12,0,1,A,,,,,Y,2100,6,D,C,A,INTERNATIONAL BL,5TH AV,0,,Y,8/23/14,109,6/4/14,1910,9225,1,5,7,0,0,,0,19X,-,N,,0,0,,,0,,,,Y,2,A,-,21453,A,N,A,H,-,B,A,0,Y,A,1,0,0,1,0,0,0,0,0,0,-,-,OAKLAND,ALAMEDA,CA,0,0
6588491,-122.2053917,37.76808258,2014,109,0,1,4,8,0,1,A,,,,,,900,4,C,E,A,54TH ST,INTERNATIONAL,75,N,N,8/21/14,109,4/28/14,844,8815,2,5,7,0,0,,0,26X,-,N,,0,0,,,0,,,,N,2,A,-,22107,,N,A,H,-,A,D,0,Y,A,1,0,0,1,0,0,0,0,0,0,-,-,OAKLAND,ALAMEDA,CA,0,0
6588495,-122.2701132,37.80134496,2014,109,0,3,3,12,0,1,A,,Y,,,,1500,4,D,G,A,11TH ST,WEBSTER ST,0,,Y,8/21/14,109,4/23/14,1206,9224,1,5,7,0,0,,0,03X,-,N,,0,0,,,0,,,,N,2,A,-,21453,A,N,A,H,-,A,A,0,Y,L,4,0,1,0,0,0,0,1,0,0,-,-,OAKLAND,ALAMEDA,CA,0,0
6588496,-122.1672472,37.75548551,2014,109,0,6,4,3,0,2,A,,,,,,2100,4,C,C,A,BANCROFT AV,89TH AV,500,W,N,8/21/14,109,4/19/14,1957,9149,2,5,7,0,0,,0,35X,-,N,,0,0,,,0,,,,N,2,A,-,22350,,N,A,H,-,B,A,0,Y,A,1,0,0,2,0,0,0,0,0,0,-,-,OAKLAND,ALAMEDA,CA,0,0
6588499,-122.2162762,37.77303103,2014,109,0,5,4,0,0,1,A,,Y,,,,900,4,D,G,A,42ND AV,INTERNATIONAL BL,3,N,N,8/21/14,109,4/18/14,607,9128,2,5,7,0,0,,0,23X,-,N,,0,0,,,0,,,,N,2,D,-,0,,N,A,H,-,A,A,0,Y,-,-,0,0,1,0,0,0,1,0,0,-,-,OAKLAND,ALAMEDA,CA,0,0
6588500,-122.2346631,37.80346485,2014,109,0,1,4,9,0,1,A,,,,,,2400,4,D,D,A,E 34TH ST,PARK BL,0,,Y,8/21/14,109,4/7/14,2108,8104,1,5,7,0,0,,0,16X,-,N,,0,0,,,0,,,,N,2,A,-,21802,A,N,A,H,-,C,A,0,Y,A,1,0,0,1,0,0,0,0,0,0,-,-,OAKLAND,ALAMEDA,CA,0,0
6588504,-122.1638987,37.74111809,2014,109,0,6,4,18,0,1,A,,,,,,1500,4,C,E,A,104TH AV,PLYMOUTH,200,N,N,8/21/14,109,4/26/14,1240,9255,2,5,7,0,0,,0,32Y,-,N,,0,0,,,0,,,,N,2,C,-,0,,N,A,H,-,A,D,0,Y,-,-,0,0,1,0,0,0,0,0,0,-,-,OAKLAND,ALAMEDA,CA,0,0
6588551,-122.2810031,37.81134492,2014,109,0,6,4,9,0,1,A,,Y,,,Y,600,4,D,G,A,18TH ST,MYRTLE ST,0,,Y,8/21/14,109,4/12/14,305,9076,1,5,7,0,0,,0,01X,-,N,,0,0,,,0,,,,N,2,A,-,21801,A,M,A,H,-,C,A,0,Y,A,1,0,0,1,0,0,0,1,0,0,-,-,OAKLAND,ALAMEDA,CA,0,0
6588552,-122.1745631,37.75905488,2014,109,0,6,4,8,0,1,A,,,,,,2400,4,B,E,A,81ST AV,BIRCH ST,0,,Y,8/21/14,109,4/12/14,2230,9166,2,5,7,0,0,,0,30X,-,N,,0,0,,,0,,,,N,2,A,-,22107,,N,A,H,-,C,D,0,Y,A,1,0,0,1,0,0,0,0,0,0,-,-,OAKLAND,ALAMEDA,CA,0,0
6588555,-122.2747531,37.79882487,2014,109,0,2,4,3,0,1,A,,,,,,1500,4,C,C,A,BROADWAY,6TH ST,0,,Y,8/21/14,109,4/29/14,1250,9224,1,5,7,0,0,,0,03X,-,N,,0,0,,,0,,,,N,2,A,-,22350,,N,A,H,-,A,A,0,Y,A,1,0,0,1,0,0,0,0,0,0,-,-,OAKLAND,ALAMEDA,CA,0,0
6588559,-122.2856531,37.81106495,2014,109,0,7,2,12,0,3,A,,,,,,1800,4,F,C,A,16TH ST,ADELINE ST,0,,Y,8/21/14,109,4/13/14,1656,8903,1,5,7,0,0,,0,05X,-,N,,0,0,,,0,,,,N,2,A,-,22450,A,N,A,H,-,A,A,0,Y,A,1,1,0,2,0,0,0,0,0,0,-,-,OAKLAND,ALAMEDA,CA,0,0
6588560,-122.1919908,37.78551174,2014,109,0,2,3,18,0,2,A,,,,,,1800,4,D,C,A,MACARTHUR BL,GREENACRE RD,42,E,N,8/21/14,109,4/8/14,1636,9046,2,5,7,0,0,,0,25X,-,N,,0,0,,,0,,,,Y,2,C,-,0,,N,A,H,-,A,D,0,Y,-,-,0,1,1,0,0,0,0,0,0,-,-,OAKLAND,ALAMEDA,CA,0,0
6588597,-122.1939113,37.7431766,2014,109,0,5,4,6,0,1,A,,,,,,1200,5,B,C,A,ENTERPRISE ST,EDES AV,528,E,N,8/21/14,109,5/9/14,1000,9246,2,5,7,0,0,,0,31Y,-,N,,0,0,,,0,,,,N,2,A,-,21750,,N,A,H,-,A,D,0,Y,A,8,0,0,1,0,0,0,0,0,0,-,-,OAKLAND,ALAMEDA,CA,0,0
6588601,-122.2199119,37.76856181,2014,109,0,6,3,9,0,1,A,,,,,,1200,5,D,C,A,HIGH ST,COLISEUM WY,20,N,N,8/21/14,109,5/24/14,1117,9112,2,5,7,0,0,,0,26X,-,N,,0,0,,,0,,,,N,2,A,-,21804,A,N,A,H,-,A,D,0,Y,A,1,0,1,0,0,0,0,0,0,0,-,-,OAKLAND,ALAMEDA,CA,0,0
6588605,-122.2148607,37.77117445,2014,109,0,5,4,8,0,1,A,,,,,,1800,5,C,E,A,44TH AV,E 12TH ST,5,N,N,8/21/14,109,5/16/14,1725,9128,2,5,7,0,0,,0,26X,-,N,,0,0,,,0,,,,N,3,A,-,22107,,N,A,H,-,A,D,0,Y,A,8,0,0,1,0,0,0,0,0,0,-,-,OAKLAND,ALAMEDA,CA,0,0
6588609,-122.1948232,37.78736494,2014,109,0,5,4,3,0,1,B,,,,,,900,5,C,C,A,HIGH ST,MACARTHUR BL,0,,Y,8/21/14,109,5/23/14,845,9255,2,5,7,0,0,,0,25X,-,N,,0,0,,,0,,,,N,2,A,-,22350,,N,A,H,-,A,D,0,Y,A,1,0,0,1,0,0,0,0,0,0,-,-,OAKLAND,ALAMEDA,CA,0,0
6588613,-122.1757001,37.75020009,2014,109,0,3,4,10,0,1,A,Y,,,,,2100,5,G,B,E,89TH AV,INTERNATIONAL BL,192,S,N,8/21/14,109,5/14/14,1933,9209,2,5,7,0,0,,0,33X,-,N,,0,0,,,0,,,,N,2,A,-,21954,B,N,A,H,-,B,D,0,Y,A,1,0,0,1,0,1,0,0,0,0,-,-,OAKLAND,ALAMEDA,CA,0,0
6588617,-122.1987631,37.76472492,2014,109,0,5,3,9,0,1,A,,,Y,,,900,5,B,C,A,INTERNATIONAL BL,60TH AV,0,,Y,8/21/14,109,5/2/14,805,9172,2,5,7,0,0,,0,26X,-,N,,0,0,,,0,,,,N,2,A,-,21802,A,N,A,H,-,A,A,0,Y,A,1,0,1,0,0,0,0,0,0,1,-,-,OAKLAND,ALAMEDA,CA,0,0
6588621,0,0,2014,109,0,7,4,21,0,1,A,,,,,,1800,5,B,C,A,GERRY ADAMS WY,MARTIN LUTHER KING JR WY,50,W,N,8/21/14,109,5/25/14,1751,9188,1,5,7,0,0,,0,03X,-,N,,0,0,,,0,,,,N,2,A,-,22106,,N,A,H,-,A,D,0,Y,A,1,0,0,1,0,0,0,0,0,0,-,-,OAKLAND,ALAMEDA,CA,0,0
6588622,-122.2720031,37.81565486,2014,109,0,5,4,0,0,2,A,,,,,,1500,5,B,C,A,MARTIN LUTHER KING JR WY,SYCAMORE ST,0,,Y,8/21/14,109,5/2/14,1340,9113,1,5,7,0,0,,0,06X,-,N,,0,0,,,0,,,,N,2,D,-,0,,N,A,H,-,A,D,0,Y,-,-,0,0,2,0,0,0,0,0,0,-,-,OAKLAND,ALAMEDA,CA,0,0
6588625,-122.2188147,37.79374549,2014,109,0,5,4,3,0,3,A,,,,,,1800,5,C,C,A,FRUITVALE AV,HICKORY ST,72,S,N,8/21/14,109,5/30/14,1640,9225,1,5,7,0,0,,0,21Y,-,N,,0,0,,,0,,,,N,3,A,-,22350,,N,A,H,-,A,D,0,Y,A,1,0,0,3,0,0,0,0,0,0,-,-,OAKLAND,ALAMEDA,CA,0,0
6588626,-122.2722131,37.82559485,2014,109,0,7,4,12,0,2,A,,,,,,1500,5,D,C,A,36TH ST,WEST ST,0,,Y,8/29/14,109,5/25/14,1340,9126,1,5,7,0,0,,0,06X,-,N,,0,0,,,0,,,,Y,2,A,-,21453,A,N,A,H,-,A,A,0,Y,-,-,0,0,2,0,0,0,0,0,0,-,-,OAKLAND,ALAMEDA,CA,0,0
6588630,-122.2763332,37.79862487,2014,109,0,6,4,12,0,2,A,,,,,,2400,5,D,C,A,5TH ST,WASHINGTON ST,0,,Y,8/21/14,109,5/31/14,2348,8843,1,5,7,0,0,,0,01X,-,N,,0,0,,,0,,,,Y,2,A,-,21453,A,N,A,H,-,C,A,0,Y,A,7,0,0,2,0,0,0,0,0,0,-,-,OAKLAND,ALAMEDA,CA,0,0
6588960,-122.1868107,37.72952529,2014,109,1,2,4,3,0,1,A,,,Y,,,1500,7,C,C,A,RT 880,98TH AV,966,S,N,8/29/14,9370,7/8/14,1408,20258,,2,7,0,1,,2,176,-,Y,,0,0,,,0,,,,Y,2,A,-,22350,,N,A,-,-,A,D,0,Y,C,2,0,0,1,0,0,0,0,0,1,-,-,OAKLAND,ALAMEDA,CA,-122.11121,37.43453
6588961,0,0,2014,109,3,4,3,3,0,2,B,,,,,,900,7,C,C,A,RT 24,SKYLINE BL,1200,W,N,8/18/14,9370,7/31/14,750,20356,,1,7,0,1,,2,24,-,Y,,0,0,,,0,,,,Y,3,A,-,22350,,N,A,H,-,A,D,0,Y,A,1,0,1,1,0,0,0,0,0,0,-,-,OAKLAND,ALAMEDA,CA,-122.21772,37.85461
6588962,-122.2045635,37.81816472,2014,109,3,4,4,3,0,2,A,,,,,,1200,7,C,C,A,RT 13,PARK BL,1500,S,N,8/18/14,9370,7/31/14,1030,20356,,1,7,0,1,,2,13,-,Y,,0,0,,,0,,,,N,2,A,-,22350,,N,A,H,-,A,D,0,Y,A,1,0,0,2,0,0,0,0,0,0,-,-,OAKLAND,ALAMEDA,CA,-122.20411,37.81801
6588965,-122.2078408,37.75347239,2014,109,1,6,4,3,0,1,A,,,,,,2100,7,C,C,A,RT 880,66TH AV,200,S,N,8/18/14,9370,7/26/14,1950,20253,,2,7,0,1,,2,177,-,Y,,0,0,,,0,,,,N,2,A,-,22350,,N,A,H,-,A,D,0,Y,A,1,0,0,1,0,0,0,0,0,0,-,-,OAKLAND,ALAMEDA,CA,-122.20763,37.7534
6589145,-122.2082331,37.75392491,2014,109,0,7,4,3,0,2,A,,,,,,2400,6,C,C,A,66TH AV,RT 880,0,,Y,8/26/14,109,6/29/14,2340,9094,2,5,7,0,0,,0,26X,-,Y,,0,0,,,0,,,,N,2,A,-,22350,,N,A,H,-,C,A,0,Y,D,22,0,0,2,0,0,0,0,0,0,-,-,OAKLAND,ALAMEDA,CA,0,0
6589650,-122.2362931,37.77553489,2014,109,0,2,4,9,0,2,A,,,,,,1200,6,A,C,A,23RD AV,E 7TH ST,0,,Y,8/26/14,109,6/3/14,1022,9194,1,5,7,0,0,,0,20X,-,N,,0,0,,,0,,,,N,2,A,-,21801,A,N,A,H,-,A,A,0,Y,A,1,0,0,2,0,0,0,0,0,0,-,-,OAKLAND,ALAMEDA,CA,0,0
6589874,-122.2291332,37.7793049,2014,109,0,7,4,12,0,1,A,,,,,,2400,6,D,C,A,INTERNATIONAL BL,29TH AV,0,,Y,8/25/14,109,6/1/14,2125,9205,1,5,7,0,0,,0,20X,-,N,,0,0,,,0,,,,Y,2,A,-,21453,A,M,A,H,-,C,A,0,Y,A,1,0,0,1,0,0,0,0,0,0,-,-,OAKLAND,ALAMEDA,CA,0,0
6589878,-122.2416431,37.80233493,2014,109,0,5,4,0,0,2,A,,,,,,600,6,D,-,A,PARK BL,7TH AV,0,,Y,10/23/15,109,6/13/14,315,8743,1,5,7,0,0,,0,15X,-,N,,0,0,,,0,,,,N,2,D,-,0,,N,A,H,-,C,A,0,Y,-,-,0,0,2,0,0,0,0,0,0,-,-,OAKLAND,ALAMEDA,CA,0,0
6589882,-122.2760131,37.80622494,2014,109,0,7,4,12,0,6,A,,,,,,600,6,D,C,A,MARTIN LUTHER KING JR WY,14TH ST,0,,Y,8/25/14,109,6/29/14,349,9070,1,5,7,0,0,,0,03Y,-,N,,0,0,,,0,,,,N,3,A,-,21453,A,N,A,H,-,C,A,0,Y,A,7,0,0,6,0,0,0,0,0,0,-,-,OAKLAND,ALAMEDA,CA,0,0
6589886,-122.2629032,37.83502487,2014,109,0,7,4,10,0,1,A,Y,,,,,2400,6,G,B,B,TELEGRAPH AV,49TH ST,0,,Y,8/25/14,109,6/22/14,2152,9119,1,5,7,0,0,,0,12X,-,N,,0,0,,,0,,,,N,2,A,-,21950,A,N,A,H,-,C,D,0,Y,A,1,0,0,1,0,1,0,0,0,0,-,-,OAKLAND,ALAMEDA,CA,0,0
6589890,-122.2743032,37.79956487,2014,109,0,7,4,12,0,1,A,,,Y,,,2100,6,D,C,A,7TH ST,BROADWAY,0,,Y,8/25/14,109,6/29/14,1958,9197,1,5,7,0,0,,0,03X,-,N,,0,0,,,0,,,,N,2,A,-,21453,A,N,A,H,-,A,A,0,Y,A,1,0,0,1,0,0,0,0,0,1,-,-,OAKLAND,ALAMEDA,CA,0,0
6589894,-122.2473631,37.78836493,2014,109,0,2,4,12,0,1,A,,,,,,1200,6,D,C,A,E 12TH ST,14TH AV,0,,Y,8/25/14,109,6/17/14,950,9187,1,5,7,0,0,,0,19X,-,N,,0,0,,,0,,,,N,2,A,-,21453,A,N,A,H,-,A,A,0,Y,A,1,0,0,1,0,0,0,0,0,0,-,-,OAKLAND,ALAMEDA,CA,0,0
6590772,-122.2767211,37.80975145,2014,109,0,3,4,0,0,1,B,,,,,,1800,6,C,C,A,BRUSH ST,18TH ST,10,S,N,9/15/14,109,6/25/14,1724,8619,1,5,7,0,0,,0,04X,-,N,,0,0,,,0,,,,N,2,D,-,0,,N,A,H,-,A,A,0,Y,-,-,0,0,1,0,0,0,0,0,0,-,-,OAKLAND,ALAMEDA,CA,0,0
6591046,-122.2770131,37.81905485,2014,109,0,4,4,12,0,1,A,,,Y,,,1200,6,D,C,A,28TH ST,MARKET ST,0,,Y,4/6/15,109,6/5/14,1159,8258,1,5,7,0,0,,0,07X,-,N,,0,0,,,0,,,,N,2,A,-,22450,A,N,A,H,-,A,A,0,Y,A,1,0,0,1,0,0,0,0,0,1,-,-,OAKLAND,ALAMEDA,CA,0,0
6591164,-122.2017733,37.74655447,2014,109,1,6,4,8,0,1,B,,,,,,1800,8,E,I,A,RT 880,HEGENBERGER RD,2640,N,N,5/7/15,9370,8/9/14,1648,19577,,2,7,0,1,,2,176,-,Y,,0,0,,,0,,,,Y,1,A,-,22107,,N,A,H,-,A,D,0,Y,A,1,0,0,1,0,0,0,0,0,0,-,-,OAKLAND,ALAMEDA,CA,-122.0269,37.74792
6591433,-122.2977923,37.84334103,2014,109,1,4,4,3,0,1,A,,,,,,600,7,C,C,A,RT 80,POWELL ST,1950,W,N,8/29/14,9370,7/31/14,520,18192,,3,7,0,1,,2,80,-,Y,,0,0,,,0,,,,N,4,A,-,22350,,N,A,H,-,B,D,0,Y,D,22,0,0,1,0,0,0,0,0,0,-,-,OAKLAND,ALAMEDA,CA,-122.17397,37.49583
6591436,-122.1499709,37.74679875,2014,109,1,1,3,7,0,3,A,,,Y,,,1800,7,B,C,A,RT 580,106TH AV,700,W,N,8/29/14,9370,7/14/14,1725,20197,,2,7,0,1,,2,52,-,Y,,0,0,,,0,,,,Y,5,A,-,21658,A,N,A,H,-,A,D,0,Y,A,1,0,1,2,0,0,0,0,0,1,-,-,OAKLAND,ALAMEDA,CA,-122.15118,37.74981
6592162,-122.2251153,37.77724656,2014,109,0,2,4,11,0,1,A,Y,,,,,1800,7,G,-,E,INTERNATIONAL BL,FRUITVALE AV,250,E,N,8/29/14,109,7/8/14,1500,8609,2,5,7,0,0,,0,23X,-,N,,0,0,,,0,,,,N,2,A,-,21954,A,N,A,H,-,A,D,0,Y,N,60,0,0,1,0,1,0,0,0,0,-,-,OAKLAND,ALAMEDA,CA,0,0
6592218,-122.2482132,37.83084491,2014,109,0,4,4,9,0,1,A,,,,,,2100,7,D,C,A,PLEASANT VALLEY AV,HOWE ST,0,,Y,9/19/14,109,7/3/14,1840,8347,1,5,7,0,0,,0,09X,-,N,,0,0,,,0,,,,N,3,A,-,21802,A,N,A,H,-,A,D,0,Y,A,1,0,0,1,0,0,0,0,0,0,-,-,OAKLAND,ALAMEDA,CA,0,0
6592222,-122.2391932,37.77966487,2014,109,0,7,4,9,0,1,A,,,,,,1500,7,A,C,A,COTTON ST,DENNISON ST,0,,Y,8/29/14,109,7/27/14,1422,9034,1,5,7,0,0,,0,19X,-,N,,0,0,,,0,,,,Y,2,A,-,21802,A,N,A,H,-,A,D,0,Y,A,1,0,0,1,0,0,0,0,0,0,-,-,OAKLAND,ALAMEDA,CA,0,0
6592368,-122.2191531,37.78219485,2014,109,0,4,4,12,0,1,A,,,,,,1200,7,D,C,A,FOOTHILL BL,35TH AV,0,,Y,9/26/14,109,7/3/14,950,7657,2,5,7,0,0,,0,24X,-,N,,0,0,,,0,,,,N,2,A,-,21453,A,N,A,H,-,A,A,0,Y,-,-,0,0,1,0,0,0,0,0,0,-,-,OAKLAND,ALAMEDA,CA,0,0
6593368,-122.2709279,37.80235105,2014,109,0,4,4,17,0,1,A,,Y,,,,1200,6,H,G,A,FRANKLIN ST,12TH ST,50,S,N,8/27/14,109,6/5/14,1105,9236,1,5,7,0,0,,0,03X,-,N,,0,0,,,0,,,,N,2,A,-,21657,,N,A,H,-,A,A,0,Y,L,4,0,0,1,0,0,0,1,0,0,-,-,OAKLAND,ALAMEDA,CA,0,0
6593372,-122.1833031,37.73641491,2014,109,0,6,4,12,0,1,A,,,,,,300,6,D,C,A,98TH AV,EDES AV,0,,Y,8/27/14,109,6/7/14,247,9037,2,5,7,0,0,,0,31Y,-,N,,0,0,,,0,,,,N,2,A,-,21453,A,M,A,H,-,C,A,0,Y,A,1,0,0,1,0,0,0,0,0,0,-,-,OAKLAND,ALAMEDA,CA,0,0
6593376,-122.1774531,37.76980863,2014,109,0,2,3,3,0,1,A,,,,,,1500,6,C,C,A,CHURCH ST,FOOTHILL BL,10,S,N,8/27/14,109,6/10/14,1310,9245,2,5,7,0,0,,0,30Y,-,N,,0,0,,,0,,,,N,3,A,-,22350,,F,A,H,-,A,A,0,Y,A,7,0,1,0,0,0,0,0,0,0,-,-,OAKLAND,ALAMEDA,CA,0,0
6593380,-122.2554231,37.7986449,2014,109,0,1,4,12,0,1,A,,,,,Y,300,6,B,C,A,E 15TH ST,2ND AV,0,,Y,8/27/14,109,6/16/14,235,9248,1,5,7,0,0,,0,19X,-,N,,0,0,,,0,,,,N,2,A,-,22450,A,M,A,H,-,C,A,0,Y,-,99,0,0,1,0,0,0,0,0,0,-,-,OAKLAND,ALAMEDA,CA,0,0
6593424,0,0,2014,109,0,4,4,3,0,1,C,,,,,Y,300,6,-,-,A,29TH AV,CHAPMAN ST,100,N,N,8/27/14,109,6/26/14,135,8743,1,5,7,0,0,,0,20X,-,N,,0,0,,,0,,,,Y,1,A,-,22350,,N,B,H,-,D,D,0,Y,A,1,0,0,1,0,0,0,0,0,0,-,-,OAKLAND,ALAMEDA,CA,0,0
6593428,-122.1972731,37.78609496,2014,109,0,3,3,0,0,1,A,,,Y,,,2100,6,B,C,A,HIGH ST,PORTER ST,0,,Y,8/27/14,109,6/4/14,1957,9195,2,5,7,0,0,,0,28X,-,N,,0,0,,,0,,,,N,2,D,-,0,,N,A,H,-,A,A,0,Y,-,-,0,1,0,0,0,0,0,0,1,-,-,OAKLAND,ALAMEDA,CA,0,0
6593432,-122.2897032,37.81683489,2014,109,0,5,2,9,0,1,A,,,Y,,,1200,6,D,C,A,W GRAND AV,MANDELA PKWY,0,,Y,8/27/14,109,6/6/14,1120,9148,1,5,7,0,0,,0,05X,-,N,,0,0,,,0,,,,N,2,A,-,21801,A,N,A,H,-,A,A,0,Y,C,2,1,0,0,0,0,0,0,0,1,-,-,OAKLAND,ALAMEDA,CA,0,0