CASEID,POINT_X,POINT_Y,YEAR_,LOCATION,CHPTYPE,DAYWEEK,CRASHSEV,VIOLCAT,KILLED,INJURED,WEATHER1,PEDCOL,BICCOL,MCCOL,TRUCKCOL,ETOH,TIMECAT,MONTH_,CRASHTYP,INVOLVE,PED,PRIMARYRD,SECONDRD,DISTANCE,DIRECT,INTERSECT_,PROCDATE,JURIS,DATE_,TIME_,BADGE,JURIDIST,SHIFT,POP,SPECIAL,BEATTYPE,LAPDDIV,BEATCLAS,BEATNUMB,WEATHER2,STATEHW,CALTRANC,CALTRAND,STROUTE,ROUTESUF,POSTPRE,POSTMILE,LOCATYPE,RAMP,SIDEHW,TOWAWAY,PARTIES,PCF,VIOLCODE,VIOL,VIOLSUB,HITRUN,ROADSURF,RDCOND1,RDCOND2,LIGHTING,RIGHTWAY,CHPRDTYP,NOTPRIV,STFAULT,CHPFAULT,SEVINJ,OTHERINJ,COP,PEDKILL,PEDINJ,BICKILL,BICINJ,MCKILL,MCINJURE,RAMP1,RAMP2,CITY,COUNTY,STATE,X_CHP,Y_CHP
6751311,-122.2619333,37.82230554,2014,109,0,3,3,3,0,1,A,Y,,,,,1500,10,G,B,E,WEBSTER ST,34TH ST,100,N,N,1/6/15,109,10/1/14,1415,9255,1,5,7,0,0,,0,08X,-,N,,0,0,,,0,,,,N,2,A,-,22350,,N,A,G,-,A,D,0,Y,A,7,0,1,0,0,1,0,0,0,0,-,-,OAKLAND,ALAMEDA,CA,0,0
6751328,-122.2882531,37.8038249,2014,109,0,3,4,12,0,2,A,,,,,,2400,10,D,C,A,7TH ST,ADELINE ST,0,,Y,1/6/15,109,10/15/14,2230,7871,1,5,7,0,0,,0,02X,-,N,,0,0,,,0,,,,Y,2,A,-,21453,A,M,A,H,-,C,A,0,Y,A,1,0,0,2,0,0,0,0,0,0,-,-,OAKLAND,ALAMEDA,CA,0,0
6751332,-122.2227827,37.78374818,2014,109,0,2,4,11,0,1,A,Y,,,,,1200,10,G,B,B,FOOTHILL AV,FRUITVALE AV,3,W,N,1/6/15,109,10/7/14,1030,9313,2,5,7,0,0,,0,21Y,-,N,,0,0,,,0,,,,N,2,A,-,21456,B,N,A,H,-,A,A,0,Y,N,60,0,0,1,0,1,0,0,0,0,-,-,OAKLAND,ALAMEDA,CA,0,0
6751336,-122.2649931,37.84357486,2014,109,0,6,2,3,0,1,A,,Y,,,,2400,10,H,G,A,SHATTUCK AV,58TH ST,0,,Y,1/6/15,109,10/4/14,2248,9241,1,5,7,0,0,,0,11X,-,N,,0,0,,,0,,,,N,2,A,-,22350,,N,A,H,-,C,A,0,Y,A,1,1,0,0,0,0,0,1,0,0,-,-,OAKLAND,ALAMEDA,CA,0,0
6751340,-122.1979477,37.73437456,2014,109,0,1,2,10,0,1,A,Y,,,,,2400,10,G,B,B,HEGENBERGER RD,HEGENBERGER LOOP,4,S,N,1/6/15,109,10/13/14,2326,9269,2,5,7,0,0,,0,31Y,-,N,,0,0,,,0,,,,N,2,A,-,21950,A,N,A,H,-,C,A,0,Y,A,1,1,0,0,0,1,0,0,0,0,-,-,OAKLAND,ALAMEDA,CA,0,0
6751352,-122.2697531,37.80665495,2014,109,0,2,3,10,0,1,B,Y,,,,,1500,10,G,B,B,17TH ST,BROADWAY,0,,Y,1/7/15,109,10/14/14,1430,8038,1,5,7,0,0,,0,04X,-,N,,0,0,,,0,,,,N,2,A,-,21950,A,F,A,H,-,A,A,0,Y,A,1,0,1,0,0,1,0,0,0,0,-,-,OAKLAND,ALAMEDA,CA,0,0
6754986,-122.2454121,37.80932907,2014,109,1,5,4,3,0,2,A,,,,,,2100,12,C,C,A,RT 580,GRAND AV,1000,E,N,2/6/15,9370,12/12/14,1800,20644,,2,7,0,1,,2,55,-,Y,,0,0,,,0,,,,Y,2,A,-,22350,,N,A,H,-,C,D,0,Y,A,7,0,0,2,0,0,0,0,0,0,-,-,OAKLAND,ALAMEDA,CA,-122.142,37.4825
6754987,-122.1931825,37.78562343,2014,109,1,6,4,8,0,2,A,,,,,,2400,12,E,I,A,RT 580,MACARTHUR BL,80,E,N,2/6/15,9370,12/13/14,2233,20089,,3,7,0,1,,2,55,-,Y,,0,0,,,0,,,,Y,1,A,-,22107,,N,A,H,-,C,D,0,Y,A,1,0,0,2,0,0,0,0,0,0,-,-,OAKLAND,ALAMEDA,CA,-122.16574,37.49391
6754988,-122.2460246,37.78665268,2014,109,1,7,4,3,0,2,A,,,,,,300,12,C,C,A,RT 880,16TH AV,500,N,N,2/5/15,9370,12/14/14,41,20508,,3,7,0,1,,2,177,-,Y,,0,0,,,0,,,,Y,3,A,-,22350,,N,A,H,-,D,D,0,Y,A,1,0,0,2,0,0,0,0,0,0,-,-,OAKLAND,ALAMEDA,CA,-122.24559,37.78578
6754989,-122.2619089,37.84096283,2014,109,3,1,4,3,0,2,B,,,,,,1500,12,C,C,A,RT 24,TELEGRAPH AV,30,W,N,2/5/15,9370,12/15/14,1231,18453,,1,7,0,1,,2,24,C,Y,,0,0,,,0,,,,Y,3,A,-,22350,,M,B,H,-,A,D,0,Y,A,1,0,0,2,0,0,0,0,0,0,-,-,OAKLAND,ALAMEDA,CA,-122.1543,37.50289
6754993,-122.2272937,37.84873388,2014,109,3,3,3,8,0,1,C,,,,,,900,12,E,I,A,RT 24,RT 13,385,E,N,2/6/15,9370,12/17/14,836,20123,,1,7,0,1,,2,13,-,Y,,0,0,,,0,,,,Y,1,A,-,22107,,N,B,H,-,A,D,0,Y,A,7,0,1,0,0,0,0,0,0,0,TO,-,OAKLAND,ALAMEDA,CA,-122.2247,37.8448
6754994,-122.2672655,37.82958808,2014,109,3,1,4,8,0,1,A,,,,,,300,12,E,I,A,RT 24,40TH ST,20,E,N,2/6/15,9370,12/22/14,3,20657,,3,7,0,1,,2,25,-,Y,,0,0,,,0,,,,Y,1,A,-,22107,,N,A,H,-,C,D,0,Y,A,1,0,0,1,0,0,0,0,0,0,-,-,OAKLAND,ALAMEDA,CA,-122.15922,37.4946
6755000,-122.1747761,37.78153731,2014,109,1,1,4,7,0,1,A,,,,,,1500,12,B,C,A,RT 580,KUHNLE AV,400,W,N,2/6/15,9370,12/8/14,1402,19812,,2,7,0,1,,2,52,-,Y,,0,0,,,0,,,,Y,3,A,-,21658,A,N,A,H,-,A,D,0,Y,A,1,0,0,1,0,0,0,0,0,0,-,-,OAKLAND,ALAMEDA,CA,-122.1749,37.7821
6755001,-122.2443877,37.80903488,2014,109,1,7,3,8,0,2,A,,,,,,300,12,E,I,A,RT 580,LAKESHORE AV,700,E,N,2/6/15,9370,12/7/14,132,20644,,3,7,0,1,,2,54,-,Y,,0,0,,,0,,,,Y,1,A,-,22107,,N,A,H,-,C,D,0,Y,A,1,0,1,1,0,0,0,0,0,0,-,-,OAKLAND,ALAMEDA,CA,-122.143,37.483
6755894,-122.2808613,37.81174133,2014,109,0,3,4,21,0,1,A,,,,,,1200,11,D,C,A,MYRTLE ST,18TH ST,150,N,N,1/27/15,109,11/5/14,926,9376,1,5,7,0,0,,0,05X,-,N,,0,0,,,0,,,,N,2,A,-,22106,,F,A,H,-,A,D,0,Y,D,22,0,0,1,0,0,0,0,0,0,-,-,OAKLAND,ALAMEDA,CA,0,0
6755906,-122.1818232,37.77042493,2014,109,0,4,4,5,0,1,A,,Y,,,,900,10,D,G,A,HAVENSCOURT BL,FOOTHILL BL,0,,Y,1/23/15,109,10/2/14,830,9123,2,5,7,0,0,,0,30Y,-,N,,0,0,,,0,,,,N,2,A,-,21650,1,N,A,H,-,A,A,0,Y,L,4,0,0,1,0,0,0,1,0,0,-,-,OAKLAND,ALAMEDA,CA,0,0
6757720,-122.2742767,37.8392234,2014,109,0,7,3,21,0,1,B,,Y,,Y,,1500,12,H,G,A,55TH ST,MARKET ST,100,W,N,2/13/15,109,12/14/14,1400,9170,1,5,7,0,0,,0,10X,-,N,,0,0,,,0,,,,N,2,A,-,22106,,N,A,H,-,A,D,0,Y,F,26,0,1,0,0,0,0,1,0,0,-,-,OAKLAND,ALAMEDA,CA,0,0
6757748,-122.1856832,37.7336549,2014,109,0,2,4,9,0,2,A,,,,Y,,1800,11,A,C,A,98TH AV,DENSLOWE ST,0,,Y,2/11/15,109,11/4/14,1548,9181,2,5,7,0,0,,0,31Y,-,N,,0,0,,,0,,,,N,2,A,-,21801,A,N,A,H,-,A,A,0,Y,D,22,0,0,2,0,0,0,0,0,0,-,-,OAKLAND,ALAMEDA,CA,0,0
6757921,-122.2915445,37.81154111,2014,109,0,5,4,11,0,1,A,Y,,,,,1200,8,G,B,E,MANDELA PKWY,14TH ST,260,N,N,1/22/15,109,8/15/14,1139,9120,1,5,7,0,0,,0,05X,-,N,,0,0,,,0,,,,N,2,A,-,21955,,N,A,H,-,A,D,0,Y,N,60,0,0,1,0,1,0,0,0,0,-,-,OAKLAND,ALAMEDA,CA,0,0
6757954,-122.2888632,37.80868491,2014,109,0,1,3,12,0,1,A,,Y,,,,2100,10,D,G,A,12TH ST,UNION ST,0,,Y,1/22/15,109,10/27/14,2040,8038,1,5,7,0,0,,0,02Y,-,N,,0,0,,,0,,,,N,2,A,-,22450,A,F,A,H,-,C,A,0,Y,-,-,0,1,0,0,0,0,1,0,0,-,-,OAKLAND,ALAMEDA,CA,0,0
6758114,-122.2769532,37.82164495,2014,109,0,2,4,8,0,1,A,,,,,,2100,11,D,C,A,SAN PABLO AV,31ST ST,0,,Y,1/22/15,109,11/25/14,2046,9275,1,5,7,0,0,,0,06X,-,N,,0,0,,,0,,,,Y,2,A,-,22107,,F,A,H,-,C,A,0,Y,A,1,0,0,1,0,0,0,0,0,0,-,-,OAKLAND,ALAMEDA,CA,0,0
6758132,0,0,2014,109,0,4,4,12,0,1,B,,,,,,1200,11,D,C,A,CLAREMONT AV,HUDSON ST,0,,Y,1/22/15,109,11/13/14,1124,9083,1,5,7,0,0,,0,12Y,-,N,,0,0,,,0,,,,Y,2,A,-,21453,A,N,B,H,-,A,A,0,Y,A,1,0,0,1,0,0,0,0,0,0,-,-,OAKLAND,ALAMEDA,CA,0,0
6758136,-122.1528674,37.7534055,2014,109,0,5,4,1,0,1,B,,,,,Y,2100,11,D,C,A,98TH AV,LAS VEGAS AV,206,S,N,1/22/15,109,11/21/14,2006,9349,2,5,7,0,0,,0,35X,-,N,,0,0,,,0,,,,Y,2,A,-,23152,A,N,A,H,-,C,A,0,Y,A,1,0,0,1,0,0,0,0,0,0,-,-,OAKLAND,ALAMEDA,CA,0,0
6758492,-122.2617352,37.82269174,2014,109,1,4,4,7,0,1,B,,,,,,900,12,C,C,A,RT 580,BROADWAY,500,W,N,1/30/15,9370,12/4/14,700,20235,,1,7,0,1,,2,54,-,Y,,0,0,,,0,,,,Y,4,A,-,21658,A,N,B,H,-,A,D,0,Y,A,7,0,0,1,0,0,0,0,0,0,TO,-,OAKLAND,ALAMEDA,CA,-122.26303,37.82327
6758883,-122.2788731,37.82651489,2014,109,0,2,4,16,0,2,A,,,Y,,,1800,9,B,C,A,CHESTNUT ST,35TH ST,0,,Y,1/8/15,109,9/9/14,1658,9188,1,5,7,0,0,,0,07X,-,N,,0,0,,,0,,,,Y,2,A,-,27154,,N,A,H,-,A,D,0,Y,C,2,0,0,2,0,0,0,0,0,1,-,-,OAKLAND,ALAMEDA,CA,0,0
6758887,0,0,2014,109,0,5,4,8,0,1,A,,,Y,,,1800,9,H,J,A,CLAREMONT AV,100TH AV,0,,N,12/22/14,109,9/12/14,1515,8973,1,5,7,0,0,,0,13X,-,N,,0,0,,,0,,,,N,1,A,-,22107,,N,A,H,-,A,D,0,Y,C,2,0,0,1,0,0,0,0,0,1,-,-,OAKLAND,ALAMEDA,CA,0,0
6758891,-122.2643044,37.83840664,2014,109,0,3,4,5,0,1,A,,Y,,,,1200,9,D,G,A,SHATTUCK AV,53RD ST,25,S,N,12/22/14,109,9/3/14,1044,8655,1,5,7,0,0,,0,11X,-,N,,0,0,,,0,,,,N,2,A,-,21650,1,N,A,H,-,A,D,0,Y,L,4,0,0,1,0,0,0,1,0,0,-,-,OAKLAND,ALAMEDA,CA,0,0
6758895,-122.2686231,37.81344488,2014,109,0,4,3,10,0,1,A,Y,,,,,900,9,G,B,B,TELEGRAPH AV,24TH ST,0,,Y,12/22/14,109,9/11/14,728,8655,1,5,7,0,0,,0,08X,-,N,,0,0,,,0,,,,N,2,A,-,21950,A,N,A,H,-,A,A,0,Y,A,7,0,1,0,0,1,0,0,0,0,-,-,OAKLAND,ALAMEDA,CA,0,0
6758899,-122.1672431,37.74589493,2014,109,0,4,4,9,0,1,A,,,,,,1500,9,A,C,A,98TH AV,PLYMOUTH ST,0,,Y,12/22/14,109,9/4/14,1456,9229,2,5,7,0,0,,0,24X,-,N,,0,0,,,0,,,,Y,2,A,-,21801,A,N,A,H,-,A,A,0,Y,A,1,0,0,1,0,0,0,0,0,0,-,-,OAKLAND,ALAMEDA,CA,0,0
6758903,-122.2638131,37.79968496,2014,109,0,5,4,4,0,1,B,,,,,,1200,9,C,C,A,OAK ST,12TH ST,0,,Y,12/22/14,109,9/5/14,940,9148,1,5,7,0,0,,0,03X,-,N,,0,0,,,0,,,,N,2,A,-,21703,,N,A,H,-,A,A,0,Y,-,,0,0,1,0,0,0,0,0,0,-,-,OAKLAND,ALAMEDA,CA,0,0
6758921,-122.2784341,37.82640019,2014,109,0,6,4,8,0,1,A,,,,,,1500,9,B,C,A,35TH ST,SAN PABLO AV,30,E,N,1/16/15,109,9/13/14,1205,8258,1,5,7,0,0,,0,06X,-,N,,0,0,,,0,,,,N,2,A,-,22107,,N,A,H,-,A,D,0,Y,A,1,0,0,1,0,0,0,0,0,0,-,-,OAKLAND,ALAMEDA,CA,0,0
6758933,-122.2700253,37.82456048,2014,109,1,5,4,3,0,1,B,,,,,,2100,11,C,C,A,RT 580,MARTIN LUTHER KING WY,70,W,N,1/23/15,9370,11/21/14,1920,19815,,2,7,0,1,,2,55,-,Y,,0,0,,,0,,,,N,2,A,-,22350,,N,A,H,-,C,D,0,Y,A,1,0,0,1,0,0,0,0,0,0,FR,-,OAKLAND,ALAMEDA,CA,-122.27228,37.82474
6758939,-122.2708016,37.79791346,2014,109,0,6,4,3,0,2,A,,,Y,,,300,9,C,C,A,HARRISON ST,7TH ST,90,S,N,12/22/14,109,9/6/14,147,9169,1,5,7,0,0,,0,03X,-,N,,0,0,,,0,,,,N,2,A,-,22350,,M,A,H,-,C,A,0,Y,-,99,0,0,2,0,0,0,0,0,2,-,-,OAKLAND,ALAMEDA,CA,0,0
6758941,-122.2944631,37.83278493,2014,109,1,1,3,8,0,1,A,,,Y,,,1800,11,E,I,A,RT 80,RT 580,0,E,-,1/23/15,9370,11/24/14,1739,19812,,2,7,0,1,,2,8,-,Y,,0,0,,,0,,,,Y,1,A,-,22107,,N,A,H,-,C,D,0,Y,C,2,0,1,0,0,0,0,0,0,1,TO,-,OAKLAND,ALAMEDA,CA,-122.2938,37.8297
6760404,-122.2414649,37.7840485,2014,109,1,3,4,3,0,1,B,,,,Y,,1500,12,C,C,A,RT 880,23RD AV,2640,N,N,2/4/15,9370,12/10/14,1245,20197,,1,7,0,1,,2,177,-,Y,,0,0,,,0,,,,N,2,A,-,22350,,N,A,H,-,A,D,0,Y,G,25,0,0,1,0,0,0,0,0,0,-,-,OAKLAND,ALAMEDA,CA,-122.24017,37.78332
6761090,0,0,2014,109,0,3,4,8,0,1,A,,,,Y,,1500,8,D,C,A,BURMA RD,MARITIME ST,250,N,N,1/6/15,109,8/27/14,1400,18499,,5,7,0,0,,0,,-,N,,0,0,,,0,,,,Y,2,A,-,22107,,N,A,H,-,A,D,0,Y,F,27,0,0,1,0,0,0,0,0,0,-,-,OAKLAND,ALAMEDA,CA,-122.3022,37.8222
6761188,-122.2656331,37.81339495,2014,109,0,4,4,9,0,1,A,,Y,,,,1800,9,D,G,A,BROADWAY,24TH ST,0,,Y,1/21/15,109,9/25/14,1714,9242,1,5,7,0,0,,0,08X,-,N,,0,0,,,0,,,,N,2,A,-,21802,A,N,A,H,-,B,A,0,Y,D,22,0,0,1,0,0,0,1,0,0,-,-,OAKLAND,ALAMEDA,CA,0,0
6761271,-122.2711176,37.79708055,2014,109,1,4,4,3,0,1,A,,,,,,1800,10,C,C,A,RT 880,RT 980,2640,S,N,1/28/15,9370,10/2/14,1705,18182,,2,7,0,1,,2,177,-,Y,,0,0,,,0,,,,N,2,A,-,22350,,N,A,H,-,A,D,0,Y,-,99,0,0,1,0,0,0,0,0,0,-,-,OAKLAND,ALAMEDA,CA,-122.27179,37.7972
6763115,0,0,2014,109,1,2,4,7,0,1,B,,,,,,2100,12,B,C,A,RT 80,SFOBB TP,3168,W,N,2/4/15,9335,12/16/14,2040,20889,,2,7,0,1,,2,84,-,Y,,0,0,,,0,,,,N,2,A,-,21658,A,N,B,H,-,C,D,0,Y,A,1,0,0,1,0,0,0,0,0,0,-,-,OAKLAND,ALAMEDA,CA,-122.32439,37.8221
6763306,0,0,2014,109,1,6,4,3,0,2,A,,,,,,300,12,C,C,A,RT 80,SAN FRANCISCO CO LINE,80,E,N,2/3/15,9335,12/13/14,113,20435,,3,7,0,1,,1,82,-,Y,,0,0,,,0,,,,Y,2,A,-,22350,,N,A,C,-,C,D,0,Y,A,1,0,0,2,0,0,0,0,0,0,-,-,OAKLAND,ALAMEDA,CA,-122.3412,37.8204
6763310,0,0,2014,109,1,6,4,1,0,3,A,,,,,Y,300,12,C,C,A,RT 80,SAN FRANCISCO CO LINE,120,E,N,2/3/15,9335,12/13/14,108,20435,,3,7,0,1,,1,82,-,Y,,0,0,,,0,,,,Y,2,A,-,23152,A,N,A,H,-,C,D,0,Y,A,1,0,0,3,0,0,0,0,0,0,-,-,OAKLAND,ALAMEDA,CA,-122.3412,37.8704
6764312,-122.2607268,37.8488317,2014,109,0,2,4,3,0,1,C,,,,,,1800,12,C,C,A,TELEGRAPH AV,63RD ST,50,N,N,4/2/15,109,12/16/14,1655,8655,1,5,7,0,0,,0,11X,-,N,,0,0,,,0,,,,Y,6,A,-,22350,,N,B,H,-,C,D,0,Y,D,22,0,0,1,0,0,0,0,0,0,-,-,OAKLAND,ALAMEDA,CA,0,0
6764810,-122.2371769,37.77763766,2014,109,1,5,3,8,0,1,A,,,Y,,,2100,11,B,C,A,RT 880,23RD AV,71,S,N,1/28/15,9370,11/14/14,1852,20089,,2,7,0,1,,2,176,-,Y,,0,0,,,0,,,,Y,2,A,-,22107,,N,A,H,-,E,D,0,Y,C,2,0,1,0,0,0,0,0,0,1,-,-,OAKLAND,ALAMEDA,CA,-122.26664,37.82477
6764823,-122.2403211,37.80786821,2014,109,1,5,4,7,0,1,C,,,,,,1500,12,B,C,A,RT 580,LAKE PARK AV,500,E,N,2/4/15,9370,12/12/14,1230,20235,,1,7,0,1,,2,54,-,Y,,0,0,,,0,,,,Y,2,A,-,21658,A,N,B,H,-,A,D,0,Y,A,1,0,0,1,0,0,0,0,0,0,-,-,OAKLAND,ALAMEDA,CA,-122.23842,37.80691
6765187,-122.2719697,37.8135759,2014,109,1,1,4,8,0,1,C,,,,,,1200,12,E,I,A,RT 980,23RD ST,183,E,N,2/2/15,9370,12/15/14,1035,19812,,1,7,0,1,,2,98,-,Y,,0,0,,,0,,,,Y,1,A,-,22107,,N,B,H,-,A,D,0,Y,A,1,0,0,1,0,0,0,0,0,0,-,-,OAKLAND,ALAMEDA,CA,-122.27201,37.81371
6765756,-122.1995502,37.77265344,2014,109,0,3,4,8,0,1,A,,,,,,1200,10,D,C,A,FOOTHILL BL,BELVEDERE,50,E,N,1/12/15,109,10/1/14,1135,9298,2,5,7,0,0,,0,27X,-,N,,0,0,,,0,,,,N,2,A,-,22107,,N,A,H,-,A,A,0,Y,A,1,0,0,1,0,0,0,0,0,0,-,-,OAKLAND,ALAMEDA,CA,0,0
6765760,-122.2227332,37.7760949,2014,109,0,5,4,10,0,1,A,Y,,,,,900,10,G,B,B,INTERNATIONAL BL,35TH AV,0,,Y,1/12/15,109,10/3/14,615,9090,2,5,7,0,0,,0,23X,-,N,,0,0,,,0,,,,N,2,A,-,21950,A,N,A,H,-,C,A,0,Y,D,23,0,0,1,0,1,0,0,0,0,-,-,OAKLAND,ALAMEDA,CA,0,0
6765765,-122.2784341,37.82640019,2014,109,0,1,4,8,0,1,A,,,,,,1500,9,B,C,A,35TH ST,SAN PABLO AV,30,E,N,1/23/15,109,9/15/14,1209,8258,1,5,7,0,0,,0,06X,-,N,,0,0,,,0,,,,N,2,A,-,22107,,N,A,H,-,A,D,0,Y,A,1,0,0,1,0,0,0,0,0,0,-,-,OAKLAND,ALAMEDA,CA,0,0
6765881,0,0,2014,109,1,7,4,8,0,1,C,,,,,,600,12,D,C,A,RT 80,ARMY RD,4570,E,N,2/4/15,9335,12/14/14,450,20274,,3,7,0,1,,2,84,-,Y,,0,0,,,0,,,,Y,2,A,-,22107,,N,B,H,-,C,D,0,Y,A,1,0,0,1,0,0,0,0,0,0,-,-,OAKLAND,ALAMEDA,CA,-122.20415,37.4912
6766430,-122.2706323,37.79812259,2014,109,0,1,4,3,0,2,B,,,,,,1500,12,C,C,A,7TH ST,HARRISON ST,10,E,N,2/10/15,109,12/8/14,1328,8086,1,5,7,0,0,,0,03X,-,N,,0,0,,,0,,,,N,2,A,-,22350,,N,A,H,-,A,A,0,Y,D,22,0,0,2,0,0,0,0,0,0,-,-,OAKLAND,ALAMEDA,CA,0,0
6766438,-122.2750331,37.82627494,2014,109,0,2,4,8,0,1,B,,,,,,1200,12,D,C,A,36TH ST,MARKET ST,0,,Y,2/26/15,109,12/2/14,1101,8073,1,5,7,0,0,,0,05Y,C,N,,0,0,,,0,,,,N,2,A,-,22101,D,N,B,H,-,A,A,0,Y,A,1,0,0,1,0,0,0,0,0,0,-,-,OAKLAND,ALAMEDA,CA,0,0
6766462,-122.1773896,37.79423477,2014,109,0,4,3,3,0,2,A,,Y,,,,1800,8,C,G,A,REDWOOD RD,SKYLINE BL,3696,N,N,2/5/15,109,8/28/14,1654,8532,2,5,7,0,0,,0,25Y,-,N,,0,0,,,0,,,,N,3,A,-,22350,,N,A,H,-,A,A,0,Y,L,4,0,1,1,0,0,0,2,0,0,-,-,OAKLAND,ALAMEDA,CA,0,0
6767146,-122.2543147,37.80057496,2014,109,0,4,4,3,0,1,B,,,,,,1200,12,E,I,A,E 18TH ST,LAKESHORE AV,40,E,N,2/4/15,109,12/4/14,925,8339,1,5,7,0,0,,0,15X,-,N,,0,0,,,0,,,,Y,1,A,-,22350,,N,B,H,-,A,A,0,Y,A,7,0,0,1,0,0,0,0,0,0,-,-,OAKLAND,ALAMEDA,CA,0,0
6767154,-122.2692631,37.83802494,2014,109,0,6,4,12,0,1,A,,,,,,1500,12,D,C,A,MARTIN LUTHER KING JR WY,53RD ST,0,,Y,2/4/15,109,12/6/14,1400,8961,1,5,7,0,0,,0,11X,-,N,,0,0,,,0,,,,Y,2,A,-,21453,A,N,A,H,-,A,A,0,Y,A,1,0,0,1,0,0,0,0,0,0,-,-,OAKLAND,ALAMEDA,CA,0,0
6767679,-122.1890432,37.76745488,2014,109,0,1,3,12,0,5,A,,,,,,1800,12,D,C,A,64TH AV,AVENAL AV,0,,Y,2/11/15,109,12/8/14,1547,9356,2,5,7,0,0,,0,27X,-,N,,0,0,,,0,,,,N,2,A,-,22450,A,N,A,H,-,A,D,0,Y,A,1,0,2,3,0,0,0,0,0,0,-,-,OAKLAND,ALAMEDA,CA,0,0
6767680,-122.1860631,37.76932494,2014,109,0,1,3,12,0,2,A,,,,,,1800,12,A,C,A,64TH AV,ARTHUR ST,0,,Y,2/11/15,109,12/8/14,1546,9356,2,5,7,0,0,,0,27Y,-,N,,0,0,,,0,,,,N,2,A,-,22450,,M,A,H,-,A,D,0,Y,A,1,0,2,0,0,0,0,0,0,0,-,-,OAKLAND,ALAMEDA,CA,0,0
6768071,-122.2548636,37.81956434,2014,109,1,7,4,7,0,1,A,,,,,,2100,11,B,C,A,RT 580,HARRISON ST,52,W,N,1/29/15,9370,11/23/14,1943,20089,,2,7,0,1,,2,55,-,Y,,0,0,,,0,,,,Y,2,A,-,21658,A,N,A,H,-,E,D,0,Y,A,7,0,0,1,0,0,0,0,0,0,-,-,OAKLAND,ALAMEDA,CA,-122.25605,37.82046
6768142,0,0,2014,109,0,3,4,9,0,1,B,,Y,,,,1500,11,H,G,A,RASHIDA MUHAMMAD ST,20TH ST,0,,Y,1/29/15,109,11/12/14,1405,9374,1,5,7,0,0,,0,04X,-,N,,0,0,,,0,,,,N,2,A,-,21801,A,N,A,H,-,A,A,0,Y,A,1,0,0,1,0,0,0,1,0,0,-,-,OAKLAND,ALAMEDA,CA,0,0
6770464,-122.2419532,37.78555496,2014,109,0,2,2,9,0,1,A,,,,,,1500,11,D,C,A,E 12TH ST,19TH AV,0,,Y,1/29/15,109,11/18/14,1301,9109,1,5,7,0,0,,0,19X,-,N,,0,0,,,0,,,,Y,2,A,-,21801,A,F,A,H,-,A,A,0,Y,A,1,1,0,0,0,0,0,0,0,0,-,-,OAKLAND,ALAMEDA,CA,0,0
6770502,-122.1514432,37.74893488,2014,109,0,7,4,9,0,1,A,,,,,,1800,12,A,I,A,STANLEY AV,99TH AV,0,,Y,2/9/15,109,12/28/14,1536,8444,2,5,7,0,0,,0,32Y,-,N,,0,0,,,0,,,,Y,2,A,-,21802,A,M,A,H,-,A,A,0,Y,A,1,0,0,1,0,0,0,0,0,0,-,-,OAKLAND,ALAMEDA,CA,0,0
6770510,0,0,2014,109,0,4,4,21,0,1,A,,,,,,1800,9,B,C,A,FRUITVALE AV,E 17TH ST,528000,N,N,1/14/15,109,9/4/14,1530,9174,1,5,7,0,0,,0,20X,-,N,,0,0,,,0,,,,N,3,A,-,22106,,N,A,H,-,A,D,0,Y,A,1,0,0,1,0,0,0,0,0,0,-,-,OAKLAND,ALAMEDA,CA,0,0
6770567,-122.2370808,37.77751042,2014,109,1,2,4,3,0,3,C,,,,Y,,2100,12,B,C,A,RT 880,23RD AV,125,S,N,2/12/15,9370,12/16/14,2040,20149,,2,7,0,1,,2,176,-,Y,,0,0,,,0,,,,Y,3,A,-,22350,,N,B,F,-,D,D,0,Y,A,1,0,0,3,0,0,0,0,0,0,-,-,OAKLAND,ALAMEDA,CA,-122.14113,37.46368
6771566,-122.2011131,37.77725489,2014,109,0,2,4,8,0,1,B,,,,,,2100,12,E,I,A,MONTICELLO AV,TRASK,0,,Y,2/6/15,109,12/2/14,2033,8444,2,5,7,0,0,,0,27X,-,N,,0,0,,,0,,,,Y,1,A,-,22107,,N,B,H,-,C,A,0,Y,A,7,0,0,1,0,0,0,0,0,0,-,-,OAKLAND,ALAMEDA,CA,0,0
6772092,0,0,2014,109,1,4,3,3,0,2,A,,,,,,2400,12,C,C,A,RT 80,SFOBB TOLL PLAZA,475,E,N,4/1/15,9370,12/25/14,2220,20149,,3,7,0,1,,2,8,-,Y,,0,0,,,0,,,,Y,3,A,-,22350,,N,A,-,-,C,D,0,Y,A,1,0,1,1,0,0,0,0,0,0,-,-,OAKLAND,ALAMEDA,CA,-122.18436,37.49293
6772093,-122.2286474,37.84888914,2014,109,3,6,4,3,0,2,B,,,,,,2100,12,C,C,A,RT 24,RT 13,10,W,N,2/6/15,9370,12/20/14,1804,20089,,2,7,0,1,,2,24,-,Y,,0,0,,,0,,,,Y,2,A,-,22350,,N,A,H,-,C,D,0,Y,A,1,0,0,2,0,0,0,0,0,0,-,-,OAKLAND,ALAMEDA,CA,-122.23099,37.84921